minimum_temperature,maximum_temperature,crop_evapotranspiration,potential_evapotranspiration,vapour_pressure,wet_day_frequency,average_temperature,rainfall,cloud_cover
18.745,29.657,3.94,5.76,19.987,1.241,24.185,16.77,30.388
19.43,30.995,4.57,6.4,20.509,3.173,25.199,16.884,27.521
20.109,31.783,5.1,6.9,21.879,1.556,25.936,22.42,29.128
22.359,33.297,5.42,6.93,24.982,3.176,27.821,98.342,41.366
21.927,31.751,5.06,6.5,26.129,5.109,26.825,168.239,51.807
21.431,29.561,4.45,5.5,25.785,9.822,25.473,207.099,72.807
21.091,28.725,4.27,5.17,25.35,8.067,24.893,155.064,79.287
21.227,28.951,4.31,5.32,25.38,5.936,25.076,107.013,72.778
21.385,29.944,4.46,5.61,25.219,9.88,25.633,214.309,64.52
20.852,29.339,4.06,5.3,24.981,7.239,25.095,111.097,61.652
19.687,28.333,3.62,5.04,23.591,7.262,23.973,184.098,52.669
17.772,27.285,3.45,5.1,20.552,3.105,22.507,34.061,40.677
17.468,28.383,3.83,5.66,19.95,2.199,22.912,23.55,30.388
18.08,29.646,4.42,6.29,20.045,1.892,23.85,9.099,27.521
20.686,32.346,5.15,6.89,22.533,2.021,26.498,48.85,29.128
22.342,33.279,5.42,6.92,24.884,3.072,27.79,73.128,41.366
22.507,32.322,5.13,6.52,26.122,6.279,27.41,183.172,51.807
22.029,30.158,4.5,5.55,25.833,9.887,26.07,232.328,72.807
21.07,28.703,4.27,5.18,25.314,12.462,24.873,374.081,79.287
21.863,29.599,4.4,5.37,26.724,7.322,25.721,147.53,72.778
20.615,29.19,4.4,5.61,25.219,5.729,24.88,69.566,64.52
20.34,28.826,4.03,5.26,24.981,12.826,24.585,317.858,61.652
19.673,28.318,3.63,5.0,23.312,5.02,23.959,83.07,52.669
18.839,28.318,3.52,5.11,21.331,5.323,23.543,156.96,40.677
18.27,29.186,3.89,5.7,19.943,0.841,23.714,1.291,30.388
19.085,30.651,4.54,6.34,20.571,1.346,24.853,2.606,27.521
20.967,32.648,5.21,6.94,22.122,0.196,26.8,0.196,29.128
22.558,33.494,5.43,6.95,25.069,2.184,28.003,27.741,41.366
22.193,32.005,5.09,6.51,26.069,7.813,27.078,252.517,51.807
21.841,29.947,4.5,5.53,25.807,8.118,25.857,244.342,72.807
20.882,28.515,4.26,5.18,25.428,10.467,24.683,229.572,79.287
20.998,28.723,4.3,5.32,25.38,10.871,24.845,230.865,72.778
20.488,29.062,4.39,5.57,25.219,9.429,24.751,216.035,64.52
20.325,28.812,4.02,5.27,24.981,9.962,24.57,160.882,61.652
18.815,27.482,3.56,5.0,22.521,8.477,23.121,238.772,52.669
17.445,26.918,3.4,5.09,20.149,3.647,22.143,61.625,40.677
16.823,27.74,3.78,5.62,18.829,1.47,22.268,15.353,30.388
17.68,29.245,4.39,6.26,19.46,0.045,23.447,0.045,27.521
19.869,31.564,5.09,6.86,21.22,0.211,25.717,0.211,29.128
22.121,33.057,5.38,6.91,25.025,3.562,27.569,41.631,41.366
21.432,31.246,5.01,6.5,24.797,7.042,26.333,190.596,51.807
20.424,28.538,4.34,5.47,24.667,9.504,24.448,199.389,72.807
20.148,27.803,4.19,5.12,25.335,11.207,23.971,238.551,79.287
20.939,28.66,4.28,5.27,25.357,6.788,24.782,86.602,72.778
20.973,29.548,4.43,5.57,25.219,4.88,25.237,82.196,64.52
20.778,29.264,4.06,5.3,24.981,8.768,25.023,139.851,61.652
19.229,27.898,3.59,5.02,23.082,1.452,23.536,13.558,52.669
17.86,27.334,3.45,5.09,21.292,1.572,22.557,9.478,40.677
17.516,28.438,3.83,5.64,19.884,0.967,22.966,1.013,30.388
19.023,30.588,4.53,6.33,20.485,1.335,24.791,28.875,27.521
20.587,32.283,5.17,6.94,21.966,1.948,26.434,13.141,29.128
21.708,32.663,5.35,6.9,24.217,4.225,27.188,86.286,41.366
22.144,31.957,5.09,6.49,26.129,6.831,27.03,127.035,51.807
21.758,29.858,4.48,5.51,25.898,8.883,25.768,262.416,72.807
21.404,29.039,4.29,5.19,26.59,7.4,25.207,102.382,79.287
21.373,29.097,4.33,5.32,25.38,9.659,25.219,132.045,72.778
21.146,29.721,4.45,5.63,25.323,5.427,25.408,66.334,64.52
20.627,29.113,4.05,5.27,24.981,11.843,24.871,231.167,61.652
19.868,28.515,3.64,5.04,23.591,4.884,24.154,60.176,52.669
18.024,27.499,3.46,5.09,20.329,0.747,22.744,0.926,40.677
18.488,29.404,3.92,5.68,19.943,2.086,23.93,13.864,30.388
19.388,30.952,4.58,6.39,20.338,1.352,25.155,17.01,27.521
20.256,31.914,5.13,6.88,22.084,1.96,26.066,22.454,29.128
23.331,34.287,5.55,6.95,25.043,2.188,28.796,14.979,41.366
23.129,32.94,5.21,6.59,26.156,4.658,28.028,81.273,51.807
21.528,29.644,4.45,5.55,25.749,9.66,25.556,221.838,72.807
20.755,28.389,4.25,5.17,25.415,10.559,24.556,180.763,79.287
20.885,28.606,4.28,5.32,25.402,12.571,24.729,410.465,72.778
20.282,28.843,4.36,5.54,25.219,6.186,24.531,64.787,64.52
20.543,29.03,4.03,5.26,24.981,9.614,24.786,203.566,61.652
19.643,28.31,3.62,5.03,23.591,5.788,23.965,92.671,52.669
18.289,27.776,3.48,5.12,21.083,4.154,23.001,61.278,40.677
17.379,28.293,3.83,5.66,19.935,1.472,22.822,8.005,30.388
18.697,30.261,4.48,6.33,20.897,0.771,24.464,3.45,27.521
20.361,32.041,5.14,6.93,22.533,2.566,26.193,40.714,29.128
21.466,32.403,5.3,6.86,23.979,5.804,26.913,143.123,41.366
22.008,31.833,5.08,6.5,26.106,4.673,26.907,88.098,51.807
21.276,29.384,4.42,5.49,25.749,12.438,25.294,215.518,72.807
20.805,28.438,4.25,5.18,25.355,9.243,24.606,258.895,79.287
20.283,28.006,4.21,5.26,25.166,9.547,24.13,159.498,72.778
21.031,29.606,4.44,5.57,25.219,8.402,25.294,104.712,64.52
20.841,29.327,4.06,5.29,24.981,10.146,25.084,160.082,61.652
19.674,28.32,3.63,5.03,23.599,5.795,23.959,151.64,52.669
18.289,27.806,3.49,5.12,20.913,3.055,23.029,40.158,40.677
17.73,28.653,3.86,5.69,19.913,1.365,23.179,10.981,30.388
18.324,29.888,4.44,6.33,19.889,2.138,24.092,61.632,27.521
19.854,31.513,5.08,6.86,21.355,2.275,25.665,40.025,29.128
22.695,33.631,5.45,6.94,25.069,3.106,28.142,69.519,41.366
21.849,31.675,5.06,6.51,26.106,6.544,26.762,124.912,51.807
21.568,29.684,4.46,5.54,25.833,4.332,25.595,155.502,72.807
20.055,27.688,4.18,5.14,24.414,9.076,23.856,184.49,79.287
20.813,28.536,4.26,5.27,25.406,7.352,24.658,65.671,72.778
20.842,29.4,4.41,5.57,25.219,7.008,25.09,123.087,64.52
20.841,29.327,4.06,5.29,24.981,11.268,25.084,244.29,61.652
19.283,27.951,3.59,5.03,22.713,2.81,23.59,15.485,52.669
17.86,27.355,3.44,5.09,19.969,1.287,22.599,2.133,40.677
17.54,28.453,3.84,5.66,19.367,2.289,22.981,32.566,30.388
18.649,30.215,4.48,6.31,20.897,1.468,24.416,19.586,27.521
20.721,32.404,5.16,6.94,22.533,0.218,26.555,0.218,29.128
21.942,32.879,5.36,6.93,24.6,5.686,27.39,120.652,41.366
21.639,31.464,5.03,6.48,26.106,9.532,26.54,240.236,51.807
21.433,29.536,4.45,5.51,25.668,9.388,25.446,169.428,72.807
20.273,27.926,4.21,5.16,24.937,8.317,24.094,142.2,79.287
20.922,28.647,4.28,5.3,25.379,13.834,24.768,315.206,72.778
20.351,28.911,4.35,5.55,24.826,5.558,24.599,82.861,64.52
20.716,29.202,4.06,5.26,24.981,9.446,24.959,212.45,61.652
19.969,28.636,3.67,5.04,23.137,4.606,24.275,55.665,52.669
18.809,28.29,3.51,5.15,21.1,1.323,23.515,9.264,40.677
17.774,28.697,3.87,5.69,19.973,0.765,23.223,3.313,30.388
18.453,30.016,4.45,6.32,20.521,1.975,24.22,52.576,27.521
20.473,32.171,5.15,6.9,21.538,0.218,26.322,0.218,29.128
22.367,33.303,5.41,6.91,25.069,3.566,27.814,33.772,41.366
22.535,32.379,5.15,6.55,26.129,5.155,27.454,56.848,51.807
21.356,29.45,4.45,5.52,25.815,8.774,25.365,99.217,72.807
20.894,28.527,4.26,5.19,25.306,12.204,24.696,424.867,79.287
20.52,28.257,4.26,5.31,25.364,14.069,24.38,335.674,72.778
20.04,28.599,4.32,5.54,25.219,5.708,24.289,37.79,64.52
20.274,28.761,4.02,5.26,24.981,12.694,24.518,272.337,61.652
18.905,27.55,3.56,5.0,23.216,6.447,23.189,150.007,52.669
17.583,27.057,3.41,5.07,20.082,0.546,22.282,0.547,40.677
17.628,28.55,3.85,5.68,19.913,1.127,23.077,1.284,30.388
17.429,28.991,4.36,6.26,19.554,1.22,23.195,12.504,27.521
20.23,31.927,5.13,6.86,22.533,2.441,26.078,39.868,29.128
22.177,33.099,5.38,6.91,25.029,3.933,27.611,50.719,41.366
21.915,31.742,5.06,6.5,26.122,5.717,26.814,105.375,51.807
21.145,29.238,4.42,5.5,25.516,14.467,25.155,480.845,72.807
20.358,27.991,4.21,5.15,25.415,13.12,24.16,357.867,79.287
20.933,28.656,4.3,5.26,25.406,4.738,24.778,37.678,72.778
21.386,29.984,4.47,5.63,25.219,5.987,25.685,84.61,64.52
20.479,28.965,4.03,5.27,24.981,9.906,24.722,214.077,61.652
19.909,28.554,3.64,5.03,23.591,6.519,24.193,135.12,52.669
18.474,27.986,3.5,5.15,21.331,3.49,23.211,58.281,40.677
17.057,27.97,3.8,5.62,19.375,0.359,22.498,0.375,30.388
19.459,31.024,4.57,6.34,20.859,1.335,25.228,2.405,27.521
20.996,32.654,5.22,6.94,22.533,2.172,26.83,23.793,29.128
22.705,33.628,5.45,6.94,25.025,1.739,28.152,34.268,41.366
23.026,32.841,5.19,6.57,26.106,3.89,27.915,97.506,51.807
21.354,29.467,4.45,5.55,25.77,10.066,25.385,299.402,72.807
20.68,28.336,4.24,5.17,25.428,8.193,24.503,191.833,79.287
20.956,28.692,4.31,5.28,25.399,7.986,24.815,76.184,72.778
20.967,29.547,4.42,5.61,25.219,7.384,25.235,164.574,64.52
20.321,28.808,4.02,5.27,24.981,10.826,24.566,207.512,61.652
19.387,28.031,3.61,5.03,23.591,6.529,23.673,166.022,52.669
17.699,27.184,3.44,5.1,20.469,1.066,22.408,3.984,40.677
16.909,27.832,3.8,5.62,18.905,0.0,22.359,0.0,30.388
18.827,30.389,4.5,6.31,20.897,0.045,24.595,0.045,27.521
20.668,32.351,5.16,6.9,22.533,0.85,26.501,0.941,29.128
22.763,33.713,5.48,6.95,25.029,2.239,28.249,44.366,41.366
22.742,32.568,5.16,6.55,26.106,4.922,27.646,97.867,51.807
21.58,29.684,4.45,5.56,25.78,6.123,25.595,111.565,72.807
20.445,28.079,4.22,5.15,25.415,12.423,24.248,264.655,79.287
21.074,28.81,4.31,5.27,25.373,6.448,24.934,90.762,72.778
21.371,29.946,4.46,5.63,25.219,6.095,25.647,70.944,64.52
20.422,28.907,4.03,5.27,24.981,8.834,24.665,178.138,61.652
19.516,28.184,3.62,5.01,23.591,5.527,23.838,85.466,52.669
18.837,28.33,3.52,5.15,21.331,3.829,23.555,48.417,40.677
17.109,28.03,3.81,5.66,19.973,1.056,22.558,1.247,30.388
19.039,30.606,4.53,6.33,20.897,0.045,24.807,0.045,27.521
20.852,32.525,5.19,6.93,22.533,0.424,26.679,1.93,29.128
22.381,33.303,5.42,6.92,24.496,6.12,27.826,55.555,41.366
22.688,32.5,5.15,6.53,26.106,5.557,27.579,81.431,51.807
22.201,30.323,4.53,5.57,25.749,6.654,26.238,140.147,72.807
20.845,28.479,4.25,5.19,25.428,7.819,24.647,254.762,79.287
20.961,28.683,4.3,5.27,25.357,5.581,24.806,161.083,72.778
21.327,29.888,4.46,5.61,25.219,6.776,25.575,116.923,64.52
20.668,29.156,4.04,5.28,24.981,12.234,24.912,238.797,61.652
19.863,28.51,3.64,5.03,23.591,4.295,24.15,78.048,52.669
18.887,28.388,3.53,5.14,21.331,4.361,23.613,42.9,40.677
18.094,29.014,3.88,5.69,19.913,1.575,23.543,10.604,30.388
19.16,30.725,4.55,6.37,20.581,2.595,24.927,15.004,27.521
20.322,31.981,5.13,6.9,22.533,3.071,26.133,62.87,29.128
22.344,33.296,5.42,6.91,25.055,3.179,27.809,69.215,41.366
22.457,32.282,5.14,6.5,26.084,6.25,27.357,104.423,51.807
21.968,30.095,4.52,5.55,25.807,11.079,26.012,413.997,72.807
21.215,28.849,4.28,5.18,25.415,9.299,25.018,220.262,79.287
21.705,29.441,4.36,5.36,25.383,6.911,25.564,185.761,72.778
21.191,29.753,4.44,5.61,25.219,8.424,25.44,158.895,64.52
21.101,29.588,4.1,5.29,24.981,5.907,25.344,122.644,61.652
19.838,28.506,3.65,5.07,23.599,7.302,24.146,220.065,52.669
17.984,27.457,3.45,5.13,20.96,1.754,22.682,14.051,40.677
16.96,27.881,3.8,5.62,18.904,0.0,22.409,0.0,30.388
18.779,30.343,4.48,6.3,20.453,1.243,24.548,1.471,27.521
20.795,32.469,5.17,6.9,21.694,0.241,26.623,0.241,29.128
22.763,33.718,5.48,6.95,25.069,2.681,28.253,24.927,41.366
22.269,32.08,5.11,6.54,26.129,6.536,27.155,106.215,51.807
20.689,28.787,4.36,5.48,25.623,8.263,24.705,183.439,72.807
21.093,28.726,4.27,5.16,25.391,13.72,24.895,448.022,79.287
20.876,28.599,4.29,5.32,25.364,9.167,24.721,398.727,72.778
20.469,29.05,4.38,5.57,25.219,5.442,24.74,117.442,64.52
20.367,28.852,4.03,5.26,25.006,10.875,24.611,269.559,61.652
19.361,28.028,3.6,5.02,23.591,6.667,23.683,175.997,52.669
17.612,27.097,3.43,5.1,20.664,1.805,22.322,17.712,40.677
16.969,27.885,3.8,5.63,19.168,1.24,22.413,4.988,30.388
17.981,29.546,4.41,6.29,20.066,2.192,23.75,24.332,27.521
19.701,31.38,5.08,6.86,21.247,2.758,25.533,45.511,29.128
22.111,33.033,5.38,6.89,24.583,2.805,27.545,33.403,41.366
21.619,31.445,5.03,6.5,25.398,5.197,26.52,122.904,51.807
20.646,28.765,4.37,5.44,25.515,8.614,24.684,181.086,72.807
21.407,29.041,4.3,5.18,25.415,9.157,25.209,79.54,79.287
21.134,28.857,4.3,5.34,25.357,10.897,24.98,278.325,72.778
20.473,29.047,4.39,5.57,25.01,10.352,24.736,159.427,64.52
19.853,28.341,3.97,5.24,23.85,8.498,24.097,125.607,61.652
19.581,28.247,3.62,5.01,23.273,7.18,23.887,168.578,52.669
17.864,27.359,3.44,5.12,20.684,1.838,22.604,12.157,40.677
17.02,27.943,3.81,5.67,19.827,2.694,22.47,30.2,30.388
17.198,28.763,4.32,6.26,19.597,1.812,22.964,9.392,27.521
19.277,30.973,5.02,6.8,21.318,1.989,25.126,31.691,29.128
22.029,32.964,5.37,6.91,24.6,3.116,27.476,41.197,41.366
20.916,30.741,4.95,6.44,24.546,7.555,25.816,161.93,51.807
21.102,29.216,4.42,5.44,25.325,6.405,25.135,106.068,72.807
21.37,29.025,4.29,5.18,26.475,5.933,25.196,75.843,79.287
21.191,28.917,4.31,5.32,25.357,4.157,25.04,175.583,72.778
20.86,29.435,4.42,5.57,25.059,5.054,25.124,35.951,64.52
21.416,29.903,4.12,5.28,24.981,8.092,25.659,78.531,61.652
20.486,29.131,3.69,5.08,23.86,9.633,24.773,297.988,52.669
18.552,28.026,3.5,5.11,21.331,3.474,23.251,26.942,40.677
18.531,29.448,3.92,5.7,20.194,1.724,23.974,12.692,30.388
19.366,30.93,4.57,6.38,20.846,0.045,25.134,0.045,27.521
20.342,32.016,5.14,6.9,22.098,1.754,26.169,6.803,29.128
22.975,33.914,5.49,6.96,25.069,3.345,28.424,60.207,41.366
22.085,31.91,5.08,6.55,26.129,6.814,26.986,138.35,51.807
21.202,29.301,4.42,5.49,25.692,10.199,25.211,189.497,72.807
20.816,28.449,4.26,5.17,25.428,10.402,24.616,123.71,79.287
20.915,28.639,4.28,5.28,25.373,7.289,24.761,112.198,72.778
20.963,29.544,4.42,5.57,25.219,9.983,25.233,221.401,64.52
20.855,29.342,4.07,5.29,24.987,8.217,25.099,128.926,61.652
19.51,28.176,3.61,5.01,23.591,7.442,23.831,170.214,52.669
18.623,28.081,3.5,5.12,21.331,2.921,23.305,59.548,40.677
17.391,28.307,3.83,5.66,19.884,2.693,22.836,54.279,30.388
19.047,30.613,4.53,6.32,20.621,0.045,24.815,0.045,27.521
21.067,32.724,5.22,6.94,22.533,1.549,26.898,12.629,29.128
22.17,33.107,5.39,6.91,25.029,4.533,27.619,75.391,41.366
22.663,32.479,5.14,6.54,26.084,3.527,27.552,73.228,51.807
21.489,29.602,4.45,5.53,25.743,9.059,25.521,169.806,72.807
21.053,28.687,4.27,5.18,25.335,6.395,24.856,128.423,79.287
21.045,28.769,4.3,5.32,25.357,8.103,24.892,85.412,72.778
20.894,29.474,4.42,5.58,25.268,7.587,25.163,118.11,64.52
20.819,29.305,4.06,5.29,24.981,7.439,25.061,164.357,61.652
19.59,28.255,3.62,5.05,23.591,8.273,23.896,238.064,52.669
17.864,27.324,3.44,5.09,20.021,0.69,22.549,0.95,40.677
18.18,29.101,3.91,5.68,19.973,3.622,23.63,42.471,30.388
18.462,30.027,4.46,6.33,20.152,0.045,24.232,0.045,27.521
20.929,32.612,5.21,6.94,22.533,0.196,26.764,0.196,29.128
21.743,32.666,5.35,6.88,24.956,5.796,27.191,136.779,41.366
22.798,32.612,5.18,6.54,26.069,2.559,27.704,101.37,51.807
21.614,29.716,4.45,5.54,25.811,9.782,25.626,175.716,72.807
20.882,28.515,4.26,5.17,25.378,10.453,24.683,323.765,79.287
21.011,28.735,4.3,5.31,25.357,10.124,24.857,206.582,72.778
20.386,28.983,4.38,5.57,25.219,3.932,24.673,52.228,64.52
20.565,29.052,4.03,5.27,24.981,11.19,24.809,175.512,61.652
19.201,27.868,3.59,5.01,23.096,5.943,23.509,114.41,52.669
17.807,27.32,3.45,5.09,20.45,1.416,22.542,13.057,40.677
17.752,28.674,3.86,5.68,19.913,2.172,23.202,8.983,30.388
18.287,29.853,4.43,6.29,20.137,1.706,24.057,20.041,27.521
20.707,32.366,5.16,6.89,22.533,0.196,26.516,0.196,29.128
22.344,33.296,5.42,6.95,25.055,2.848,27.809,33.087,41.366
21.855,31.68,5.06,6.5,26.129,6.928,26.753,195.509,51.807
21.322,29.43,4.45,5.52,25.733,7.268,25.345,176.274,72.807
20.527,28.161,4.22,5.16,25.415,9.396,24.328,202.648,79.287
20.928,28.665,4.3,5.28,25.379,7.755,24.787,139.045,72.778
20.788,29.346,4.4,5.57,25.219,4.103,25.035,35.563,64.52
20.377,28.864,4.03,5.27,24.981,11.345,24.622,219.699,61.652
19.44,28.087,3.6,5.03,23.591,8.25,23.744,178.861,52.669
17.445,26.918,3.4,5.09,20.017,3.751,22.144,47.0,40.677
16.818,27.731,3.78,5.62,18.87,2.926,22.26,31.231,30.388
17.986,29.55,4.41,6.29,19.976,0.771,23.755,7.98,27.521
19.561,31.233,5.04,6.85,21.235,3.196,25.386,55.509,29.128
21.993,32.942,5.37,6.87,24.817,3.838,27.454,64.932,41.366
22.12,31.945,5.09,6.51,26.199,4.572,27.019,54.584,51.807
21.721,29.841,4.49,5.55,25.799,9.969,25.752,193.117,72.807
20.205,27.86,4.2,5.16,25.428,7.78,24.028,111.513,79.287
20.797,28.52,4.27,5.27,25.364,11.644,24.642,251.111,72.778
20.553,29.112,4.4,5.57,25.219,7.497,24.802,158.757,64.52
20.582,29.069,4.03,5.26,25.02,8.902,24.827,137.804,61.652
19.985,28.645,3.66,5.04,23.591,4.654,24.285,34.449,52.669
18.538,28.029,3.5,5.13,21.331,2.596,23.254,34.305,40.677
17.572,28.493,3.85,5.67,19.466,1.884,23.021,9.98,30.388
19.048,30.613,4.53,6.34,20.897,0.045,24.815,0.045,27.521
20.46,32.118,5.14,6.9,22.533,2.87,26.292,27.869,29.128
22.837,33.788,5.48,6.94,24.978,4.334,28.307,62.291,41.366
22.922,32.749,5.19,6.57,26.135,5.823,27.828,128.111,51.807
21.353,29.451,4.45,5.54,25.77,9.807,25.362,384.76,72.807
20.589,28.245,4.24,5.16,25.393,11.122,24.412,296.885,79.287
21.191,28.913,4.31,5.3,25.364,8.901,25.037,187.604,72.778
20.788,29.346,4.4,5.57,25.219,8.086,25.036,117.274,64.52
20.623,29.109,4.05,5.27,24.981,7.834,24.867,114.762,61.652
19.374,28.018,3.61,5.03,22.979,5.946,23.659,139.986,52.669
17.802,27.278,3.44,5.09,20.669,1.892,22.499,12.951,40.677
17.614,28.535,3.85,5.66,19.448,1.304,23.062,14.166,30.388
18.395,29.959,4.45,6.33,19.861,1.335,24.163,8.178,27.521
20.078,31.739,5.09,6.86,22.197,2.826,25.891,22.151,29.128
22.583,33.507,5.44,6.95,25.069,3.673,28.031,47.272,41.366
21.592,31.417,5.02,6.5,26.129,6.558,26.492,152.115,51.807
21.455,29.577,4.45,5.51,25.833,7.289,25.488,235.015,72.807
20.847,28.48,4.26,5.17,25.378,7.591,24.647,124.439,79.287
21.047,28.77,4.3,5.28,25.38,9.011,24.893,192.515,72.778
21.249,29.808,4.45,5.61,25.219,5.939,25.496,109.118,64.52
20.499,28.984,4.03,5.28,24.981,8.343,24.742,92.173,61.652
19.209,27.875,3.59,5.03,23.591,7.37,23.516,183.403,52.669
17.787,27.247,3.44,5.09,20.224,4.234,22.467,100.088,40.677
17.886,28.8,3.88,5.66,19.943,3.283,23.328,37.051,30.388
18.69,30.255,4.48,6.33,20.846,0.389,24.458,0.457,27.521
20.887,32.569,5.2,6.94,22.533,2.45,26.721,45.631,29.128
22.152,33.089,5.39,6.91,25.061,4.129,27.601,51.934,41.366
22.821,32.635,5.19,6.53,26.069,6.686,27.726,51.223,51.807
22.168,30.29,4.53,5.55,25.785,5.759,26.2,144.16,72.807
21.755,29.411,4.35,5.23,25.455,9.551,25.579,197.131,79.287
21.595,29.331,4.35,5.36,25.357,7.624,25.454,117.225,72.778
20.913,29.509,4.43,5.62,25.219,8.113,25.198,107.131,64.52
20.643,29.129,4.05,5.27,24.981,9.924,24.887,111.887,61.652
19.575,28.243,3.63,5.02,23.399,4.813,23.883,58.696,52.669
18.48,27.978,3.5,5.1,21.331,1.653,23.202,25.183,40.677
18.253,29.168,3.91,5.69,19.897,0.962,23.697,3.157,30.388
19.206,30.77,4.55,6.36,20.884,1.36,24.973,11.032,27.521
21.196,32.876,5.23,6.94,22.533,1.27,27.029,11.144,29.128
22.823,33.759,5.48,6.97,25.029,3.735,28.279,63.507,41.366
22.156,31.984,5.09,6.54,26.114,5.956,27.07,142.92,51.807
21.296,29.409,4.44,5.52,25.749,10.878,25.319,275.93,72.807
20.447,28.081,4.21,5.15,25.415,8.721,24.249,232.018,79.287
21.352,29.078,4.32,5.32,25.364,6.247,25.2,104.612,72.778
20.879,29.475,4.43,5.62,25.219,6.976,25.164,101.198,64.52
20.443,28.929,4.03,5.27,24.981,7.58,24.687,89.903,61.652
19.24,27.907,3.59,5.0,23.273,6.971,23.562,85.685,52.669
18.584,28.063,3.5,5.1,21.331,1.442,23.288,13.287,40.677
18.124,29.038,3.88,5.69,19.913,1.422,23.567,12.505,30.388
18.819,30.383,4.5,6.36,20.897,3.111,24.586,69.277,27.521
20.172,31.831,5.11,6.88,22.121,1.877,25.982,34.868,29.128
22.556,33.478,5.43,6.89,25.029,3.263,27.986,91.387,41.366
23.031,32.857,5.2,6.56,26.069,4.705,27.931,98.806,51.807
21.854,29.968,4.5,5.56,25.833,6.204,25.883,154.763,72.807
21.102,28.736,4.27,5.19,25.415,11.72,24.905,178.921,79.287
20.885,28.621,4.3,5.27,25.38,8.683,24.743,115.659,72.778
21.325,29.908,4.47,5.62,25.219,2.929,25.608,17.915,64.52
20.452,28.939,4.03,5.28,24.987,13.517,24.695,239.04,61.652
19.493,28.14,3.61,5.03,23.591,5.436,23.794,88.057,52.669
18.061,27.534,3.46,5.09,21.331,3.206,22.781,30.208,40.677
18.017,28.93,3.88,5.68,19.943,1.247,23.459,3.27,30.388
18.742,30.305,4.48,6.35,20.504,1.906,24.508,15.64,27.521
20.148,31.846,5.12,6.93,22.282,0.724,25.997,1.791,29.128
21.402,32.339,5.3,6.85,23.74,6.883,26.848,181.728,41.366
22.075,31.899,5.1,6.5,26.122,5.024,26.973,47.256,51.807
21.218,29.311,4.42,5.49,25.833,10.462,25.227,261.916,72.807
21.053,28.687,4.27,5.17,25.378,7.18,24.856,133.106,79.287
21.553,29.276,4.34,5.32,25.357,6.679,25.398,73.396,72.778
21.299,29.86,4.45,5.62,25.219,8.151,25.561,127.77,64.52
20.543,29.03,4.03,5.27,24.987,8.55,24.786,160.611,61.652
19.619,28.285,3.63,5.01,23.591,6.516,23.926,107.459,52.669
18.654,28.116,3.5,5.1,21.331,3.029,23.34,31.818,40.677
17.937,28.851,3.88,5.69,19.93,2.858,23.38,8.446,30.388
18.608,30.173,4.47,6.33,20.281,2.119,24.375,17.427,27.521
20.417,32.098,5.14,6.9,22.533,2.115,26.25,36.652,29.128
22.212,33.155,5.39,6.95,25.069,2.754,27.696,45.349,41.366
21.487,31.328,5.02,6.47,25.939,9.085,26.402,265.373,51.807
21.576,29.691,4.46,5.5,25.749,7.85,25.603,189.65,72.807
21.143,28.776,4.27,5.18,25.428,7.642,24.943,95.521,79.287
21.159,28.882,4.31,5.32,25.38,7.508,25.006,122.265,72.778
21.121,29.698,4.44,5.62,25.219,6.344,25.386,77.366,64.52
20.432,28.919,4.03,5.27,24.591,14.559,24.675,365.724,61.652
19.623,28.268,3.62,5.0,23.401,7.182,23.908,154.246,52.669
18.64,28.118,3.5,5.11,21.331,3.716,23.343,77.969,40.677
17.966,28.879,3.88,5.71,19.908,0.735,23.408,1.454,29.015
18.871,30.436,4.51,6.37,20.897,0.045,24.64,0.045,25.482
20.921,32.604,5.2,6.95,22.533,0.531,26.756,0.531,27.095
22.74,33.681,5.46,6.94,25.025,4.125,28.192,106.183,41.222
23.142,32.97,5.21,6.61,26.129,3.745,28.049,124.337,48.7
21.985,30.106,4.5,5.63,25.785,6.029,26.017,130.678,69.512
21.203,28.859,4.28,5.29,25.428,8.175,25.028,189.97,74.766
21.292,29.03,4.32,5.33,25.441,8.144,25.153,171.555,72.778
20.788,29.346,4.4,5.64,25.219,6.763,25.037,117.961,61.401
20.855,29.342,4.08,5.39,24.981,6.85,25.098,98.317,56.183
19.771,28.438,3.64,5.12,23.464,6.241,24.077,162.056,48.259
18.361,27.837,3.48,5.1,21.331,4.146,23.061,155.401,42.019
16.981,27.894,3.79,5.72,18.896,0.142,22.423,0.142,26.516
18.347,29.912,4.44,6.23,19.697,1.563,24.114,29.523,31.009
19.867,31.549,5.09,6.83,21.377,0.839,25.702,12.988,30.859
22.426,33.362,5.42,6.81,25.029,4.523,27.873,94.981,47.319
21.655,31.479,5.04,6.37,25.623,9.117,26.554,169.768,58.291
21.429,29.545,4.45,5.41,25.785,5.882,25.456,150.841,77.919
20.635,28.269,4.23,5.05,25.378,8.92,24.438,153.874,84.112
21.418,29.141,4.32,5.29,25.417,12.154,25.263,266.326,74.064
20.735,29.294,4.4,5.54,25.219,6.211,24.982,76.315,66.981
20.5,28.987,4.03,5.08,24.981,13.81,24.744,219.484,71.881
19.667,28.335,3.63,4.84,23.591,7.052,23.974,202.68,63.39
18.203,27.664,3.47,5.1,21.316,2.079,22.889,30.379,40.677
17.692,28.607,3.86,5.67,19.935,1.239,23.134,3.089,30.388
18.842,30.407,4.51,6.32,20.859,1.387,24.61,28.787,28.888
20.172,31.846,5.11,6.9,22.136,2.934,25.999,50.964,29.128
22.15,33.087,5.39,6.93,24.986,4.165,27.598,90.079,41.366
21.318,31.129,4.99,6.54,24.469,8.614,26.217,153.199,48.198
20.768,28.87,4.37,5.49,25.241,5.767,24.78,181.246,72.061
20.605,28.239,4.23,5.18,25.428,9.911,24.407,164.564,77.199
20.776,28.498,4.26,5.32,25.357,12.094,24.621,296.374,71.495
20.36,28.942,4.35,5.57,25.219,5.768,24.631,105.238,64.52
19.982,28.47,3.98,5.23,24.951,10.313,24.224,249.377,61.652
19.793,28.46,3.63,5.04,23.591,4.321,24.099,68.033,51.802
18.128,27.608,3.47,5.13,21.331,2.914,22.834,58.519,39.477
17.716,28.64,3.86,5.66,19.843,2.261,23.165,45.112,32.569
17.852,29.417,4.39,6.33,19.523,0.045,23.62,0.045,26.538
19.881,31.542,5.08,6.86,21.198,0.652,25.694,1.498,29.128
22.038,32.96,5.37,6.84,24.886,3.724,27.472,69.269,43.646
22.443,32.288,5.15,6.54,26.129,6.301,27.362,112.724,51.707
21.484,29.602,4.45,5.53,25.593,10.005,25.513,247.632,72.645
21.004,28.637,4.26,5.23,25.428,9.248,24.806,157.956,75.573
21.017,28.753,4.31,5.35,25.364,6.087,24.876,56.182,70.284
21.387,29.97,4.47,5.66,25.219,1.821,25.658,8.322,61.951
20.895,29.382,4.07,5.34,24.981,12.757,25.14,252.251,60.775
18.97,27.637,3.56,5.11,22.492,4.146,23.277,95.472,48.834
17.792,27.265,3.44,5.13,20.253,1.425,22.49,8.286,37.327
17.937,28.849,3.88,5.62,19.973,2.055,23.377,17.247,32.643
18.837,30.402,4.51,6.29,20.516,0.045,24.607,0.045,30.033
20.507,32.167,5.15,6.88,22.533,1.227,26.342,9.144,30.479
22.15,33.102,5.39,6.85,24.499,4.503,27.613,112.433,43.32
22.905,32.734,5.19,6.54,26.091,2.49,27.808,31.376,52.66
21.77,29.864,4.48,5.56,25.749,9.187,25.779,231.385,72.909
20.541,28.177,4.23,5.19,25.428,6.04,24.343,141.75,78.064
20.679,28.403,4.26,5.32,25.443,10.076,24.524,229.241,71.48
20.451,29.025,4.37,5.56,25.214,5.029,24.716,47.865,64.52
20.578,29.065,4.03,5.3,24.981,10.912,24.823,159.945,60.823
19.025,27.671,3.56,5.04,22.478,4.614,23.31,63.182,49.789
18.453,27.965,3.5,5.1,21.331,2.46,23.188,25.871,40.677
18.291,29.206,3.92,5.69,19.921,0.082,23.734,0.082,30.388
19.095,30.66,4.53,6.37,20.663,2.187,24.863,84.747,28.336
20.135,31.833,5.12,6.93,21.908,3.509,25.983,84.042,28.082
22.466,33.402,5.43,6.86,25.069,1.819,27.911,31.723,43.595
22.349,32.176,5.11,6.5,26.129,6.988,27.249,149.146,54.814
20.559,28.671,4.36,5.49,25.195,10.608,24.589,211.269,71.714
20.615,28.272,4.24,5.19,25.428,10.24,24.438,264.644,76.928
20.818,28.54,4.28,5.3,25.357,6.793,24.662,113.827,71.484
21.056,29.616,4.42,5.62,25.219,7.899,25.303,117.909,63.272
20.668,29.155,4.05,5.27,24.981,8.296,24.912,83.951,61.652
19.748,28.393,3.63,4.99,23.591,6.41,24.033,191.787,53.491
18.976,28.464,3.53,5.14,21.331,1.096,23.69,26.136,40.677
17.887,28.806,3.88,5.68,19.935,1.168,23.335,1.924,30.388
19.351,30.917,4.57,6.34,20.846,1.49,25.121,18.609,28.739
20.753,32.436,5.17,6.94,22.533,2.462,26.587,42.973,30.328
21.773,32.71,5.35,6.89,24.928,6.616,27.25,136.549,41.366
22.366,32.195,5.11,6.63,26.156,4.966,27.282,80.219,46.069
21.253,29.35,4.42,5.49,25.857,4.985,25.261,179.24,74.218
20.305,27.938,4.2,5.08,25.415,8.764,24.106,127.994,81.546
21.322,29.048,4.32,5.38,25.357,8.582,25.17,228.08,68.212
21.177,29.752,4.45,5.69,25.219,7.027,25.44,91.077,60.707
20.417,28.903,4.03,5.27,24.981,9.201,24.66,219.922,61.652
19.44,28.105,3.62,5.04,23.591,6.606,23.749,196.474,51.653
18.138,27.619,3.47,5.1,20.984,1.857,22.844,9.534,39.53
18.031,28.944,3.88,5.7,19.973,0.0,23.472,0.0,28.316
19.269,30.832,4.55,6.33,20.897,1.895,25.037,19.293,28.903
20.921,32.604,5.2,6.94,22.533,2.329,26.756,45.995,29.128
22.225,33.166,5.4,6.94,25.029,5.553,27.678,100.579,39.954
22.407,32.252,5.14,6.58,26.106,2.907,27.326,48.985,50.532
20.95,29.053,4.39,5.5,25.634,7.494,24.964,123.102,72.807
20.404,28.037,4.21,5.12,25.428,10.677,24.207,277.141,80.411
20.648,28.37,4.26,5.32,25.364,11.327,24.492,256.007,70.71
20.466,29.04,4.38,5.57,25.219,6.437,24.73,137.541,64.52
19.934,28.422,3.98,5.28,24.087,6.909,24.178,64.985,59.091
19.29,27.936,3.59,5.08,23.068,2.461,23.576,10.863,48.169
18.38,27.929,3.5,5.13,21.331,1.381,23.153,21.059,40.677
17.285,28.199,3.82,5.67,19.84,1.532,22.728,28.157,30.388
18.169,29.734,4.43,6.29,19.824,0.171,23.938,0.171,28.002
19.943,31.626,5.09,6.89,21.403,1.582,25.777,25.165,29.128
21.656,32.595,5.34,6.84,24.622,7.338,27.106,177.92,42.666
22.134,31.952,5.09,6.5,25.798,3.9,27.023,84.922,51.807
21.198,29.295,4.41,5.55,25.857,5.372,25.208,178.587,71.787
20.174,27.83,4.19,5.16,25.372,8.863,24.0,103.299,78.094
20.733,28.456,4.26,5.31,25.443,10.133,24.579,287.711,71.495
20.587,29.146,4.4,5.59,25.219,5.865,24.835,86.861,63.142
20.633,29.12,4.05,5.31,24.981,11.862,24.877,286.273,60.261
19.23,27.874,3.59,4.99,23.084,6.907,23.515,207.423,54.07
18.014,27.502,3.46,5.15,21.331,0.989,22.727,6.223,38.279
16.877,27.8,3.8,5.69,18.76,0.0,22.328,0.0,27.85
18.23,29.795,4.43,6.27,20.159,0.045,23.998,0.045,28.539
20.405,32.063,5.14,6.89,22.026,1.081,26.239,24.873,29.339
21.771,32.694,5.35,6.88,23.795,5.935,27.234,94.454,41.366
22.205,32.018,5.09,6.5,26.106,9.768,27.09,239.644,51.807
21.447,29.567,4.45,5.52,25.785,11.319,25.479,232.364,73.335
20.59,28.226,4.23,5.07,25.428,7.429,24.393,104.169,84.045
20.73,28.451,4.26,5.22,25.379,7.269,24.574,91.423,74.891
21.222,29.796,4.45,5.58,25.582,7.365,25.483,121.831,64.52
20.925,29.412,4.07,5.32,24.99,9.63,25.171,146.344,60.461
19.44,28.105,3.62,4.94,23.591,8.703,23.749,251.323,57.596
18.375,27.857,3.48,5.08,21.331,3.234,23.08,24.744,42.025
18.176,29.098,3.89,5.68,19.973,1.64,23.627,10.066,31.594
18.836,30.4,4.5,6.27,20.897,0.045,24.604,0.045,31.21
21.112,32.769,5.23,6.85,22.533,0.196,26.943,0.196,33.174
22.755,33.679,5.46,6.84,25.029,5.305,28.219,144.389,46.172
22.765,32.577,5.16,6.47,26.129,7.205,27.655,147.39,56.182
21.281,29.389,4.42,5.48,25.833,10.481,25.299,182.953,75.419
21.299,28.956,4.3,5.18,25.428,9.261,25.125,161.492,79.287
21.433,29.157,4.33,5.34,25.361,8.814,25.278,156.056,72.778
20.828,29.386,4.4,5.54,25.219,8.319,25.075,118.08,66.928
20.877,29.365,4.06,5.24,24.981,7.461,25.121,100.633,64.063
20.075,28.742,3.67,5.03,23.7,7.092,24.383,167.322,54.07
18.445,27.92,3.49,5.15,21.331,3.687,23.142,143.249,39.659
17.788,28.702,3.86,5.7,19.968,0.0,23.23,0.0,29.015
18.927,30.493,4.52,6.34,20.846,0.045,24.696,0.045,27.604
20.748,32.446,5.17,6.94,22.533,0.809,26.597,5.074,28.962
22.454,33.391,5.42,6.93,25.029,4.723,27.902,152.429,41.366
22.76,32.573,5.17,6.54,26.122,6.522,27.666,140.0,51.966
21.599,29.701,4.45,5.56,25.764,7.632,25.612,132.436,72.222
20.681,28.337,4.24,5.16,25.428,7.797,24.505,174.234,80.17
20.858,28.582,4.28,5.32,25.38,9.075,24.705,210.464,71.567
20.868,29.448,4.41,5.61,25.219,7.61,25.137,100.299,63.718
20.73,29.215,4.05,5.28,24.981,9.406,24.972,159.739,61.652
19.444,28.111,3.61,5.08,23.591,5.524,23.752,104.047,49.122
18.693,28.148,3.5,5.05,21.331,4.632,23.374,85.979,44.456
17.829,28.75,3.88,5.68,19.973,3.113,23.277,39.573,31.594
18.239,29.804,4.43,6.33,20.367,1.657,24.007,38.196,26.42
20.74,32.421,5.18,6.94,22.175,1.204,26.571,6.414,29.019
21.595,32.536,5.34,6.89,24.756,6.006,27.047,134.987,42.62
21.35,31.166,5.0,6.46,24.764,8.748,26.253,221.628,52.844
20.627,28.742,4.37,5.4,24.882,6.361,24.653,145.395,76.473
20.214,27.847,4.19,5.09,25.415,10.702,24.018,236.815,80.411
20.97,28.707,4.31,5.36,25.357,8.895,24.83,96.934,70.278
20.022,28.598,4.33,5.56,23.931,6.662,24.285,91.958,65.339
19.568,28.054,3.96,5.22,23.381,14.329,23.81,331.886,60.831
19.445,28.092,3.6,4.98,22.478,5.303,23.748,135.454,53.887
18.061,27.538,3.46,5.11,21.326,2.576,22.785,7.319,39.477
17.961,28.874,3.88,5.68,19.913,1.252,23.402,20.017,30.388
18.669,30.232,4.48,6.33,20.293,1.994,24.435,67.295,28.424
19.968,31.65,5.09,6.89,21.344,3.794,25.801,47.021,29.128
21.612,32.533,5.33,6.84,24.015,3.703,27.043,45.307,42.447
22.462,32.278,5.14,6.54,26.106,5.534,27.352,86.174,49.891
21.471,29.591,4.45,5.56,25.828,6.272,25.503,206.973,70.831
20.602,28.258,4.24,5.17,25.428,8.563,24.426,156.585,79.017
21.444,29.18,4.33,5.41,25.443,7.907,25.303,146.407,68.063
21.011,29.586,4.43,5.66,25.219,5.205,25.273,116.499,61.324
20.899,29.386,4.06,5.37,24.981,10.492,25.142,221.906,56.742
19.816,28.482,3.63,5.07,23.591,8.304,24.122,242.623,52.473
18.166,27.63,3.47,5.13,21.331,3.241,22.854,50.435,39.477
17.875,28.797,3.88,5.69,19.792,0.233,23.324,0.233,29.015
19.36,30.925,4.57,6.34,20.608,1.22,25.127,3.82,28.702
20.658,32.319,5.15,6.95,22.533,0.701,26.47,0.925,28.748
21.748,32.672,5.34,6.89,24.256,6.689,27.211,113.613,40.649
22.482,32.306,5.13,6.51,26.084,4.386,27.381,44.762,51.35
21.751,29.846,4.47,5.64,25.833,7.287,25.766,118.981,67.033
20.891,28.523,4.25,5.19,25.35,10.371,24.692,210.557,78.708
20.923,28.646,4.3,5.35,25.421,7.034,24.769,126.621,70.485
20.811,29.369,4.4,5.62,25.219,4.206,25.059,47.28,61.957
20.765,29.25,4.06,5.35,24.982,9.859,25.007,195.695,58.301
19.326,27.993,3.59,4.99,23.139,5.957,23.632,124.652,54.07
18.348,27.867,3.5,5.16,21.156,0.982,23.089,1.712,39.724
16.894,27.817,3.79,5.69,18.683,1.248,22.344,12.237,28.033
18.396,29.959,4.45,6.29,20.367,0.771,24.162,3.45,27.526
20.54,32.198,5.15,6.93,22.533,2.317,26.372,31.342,29.06
21.926,32.864,5.37,6.9,25.029,5.086,27.374,122.452,41.366
22.195,32.006,5.1,6.5,26.106,7.326,27.08,158.899,52.277
21.421,29.542,4.45,5.48,25.663,7.729,25.453,164.599,75.419
20.727,28.36,4.24,5.17,25.335,8.441,24.529,145.523,79.287
20.629,28.353,4.26,5.22,25.357,9.39,24.475,178.513,76.174
20.695,29.27,4.4,5.55,25.219,7.192,24.959,114.167,65.727
20.754,29.241,4.06,5.26,24.981,9.515,24.997,163.434,62.842
19.665,28.332,3.63,4.94,23.591,8.576,23.971,318.687,59.071
18.271,27.77,3.48,5.04,21.331,5.01,22.992,149.815,44.789
18.216,29.139,3.89,5.63,19.913,1.987,23.668,16.361,33.977
18.328,29.892,4.44,6.27,20.482,2.058,24.097,5.73,30.966
20.397,32.094,5.15,6.86,22.533,1.915,26.245,60.678,32.508
21.429,32.364,5.3,6.78,24.149,5.584,26.876,112.387,44.847
23.015,32.84,5.2,6.56,26.106,4.196,27.914,68.142,50.273
21.548,29.65,4.45,5.61,25.815,8.15,25.562,153.519,69.667
20.704,28.358,4.24,5.13,25.428,15.349,24.527,233.689,81.61
21.13,28.853,4.3,5.33,25.357,8.332,24.976,146.52,72.376
20.365,28.948,4.35,5.55,25.219,7.695,24.637,135.486,65.359
20.178,28.666,3.99,5.24,24.917,10.434,24.423,179.569,62.194
19.487,28.132,3.62,5.11,23.351,2.667,23.775,13.668,47.139
18.612,28.092,3.5,5.1,21.331,1.852,23.316,7.927,40.677
18.167,29.088,3.89,5.66,19.913,2.812,23.617,17.127,32.134
19.154,30.719,4.55,6.37,20.897,0.901,24.921,1.143,27.521
20.49,32.17,5.15,6.93,22.533,1.199,26.322,8.238,29.128
22.434,33.37,5.43,6.95,25.025,2.191,27.88,48.733,40.239
22.057,31.881,5.09,6.57,26.152,5.005,26.956,166.797,48.59
21.433,29.536,4.45,5.51,25.833,10.018,25.446,206.52,72.542
20.655,28.31,4.24,5.2,25.378,8.928,24.48,204.153,78.208
20.781,28.501,4.28,5.35,25.379,13.135,24.624,138.168,70.278
20.728,29.302,4.4,5.57,25.219,3.002,24.992,56.508,64.52
20.88,29.367,4.06,5.35,24.987,7.364,25.121,129.357,57.046
20.238,28.905,3.67,5.07,23.591,7.817,24.546,185.777,52.669
18.198,27.664,3.47,5.15,21.262,1.775,22.887,16.296,39.535
17.411,28.326,3.83,5.71,19.669,0.315,22.855,0.314,27.814
18.426,29.991,4.45,6.33,20.507,0.9,24.196,1.443,26.42
20.921,32.603,5.21,6.94,22.533,0.196,26.756,0.196,28.133
22.287,33.222,5.41,6.95,24.985,4.599,27.75,123.158,40.935
21.989,31.828,5.09,6.51,26.129,7.354,26.903,128.732,51.807
21.349,29.47,4.45,5.46,25.566,10.017,25.38,108.614,75.419
20.586,28.222,4.23,5.12,25.378,12.988,24.388,295.603,81.377
21.033,28.768,4.31,5.33,25.417,10.652,24.891,315.478,72.778
20.34,28.923,4.37,5.55,25.219,6.541,24.612,43.635,64.52
20.785,29.27,4.06,5.27,24.981,11.04,25.027,196.298,61.832
19.214,27.879,3.59,5.1,23.189,3.145,23.521,38.733,49.324
17.788,27.279,3.45,5.18,20.519,0.546,22.501,0.547,35.975
17.516,28.438,3.83,5.67,19.851,0.0,22.966,0.0,29.015
18.794,30.357,4.48,6.33,20.389,2.679,24.563,49.479,27.521
20.588,32.249,5.15,6.9,22.333,1.25,26.4,6.5,29.128
22.345,33.281,5.41,6.88,25.069,2.275,27.793,14.673,42.601
22.798,32.612,5.18,6.56,26.106,5.216,27.704,79.87,51.807
21.213,29.307,4.42,5.52,25.807,5.2,25.23,106.792,73.501
20.155,27.81,4.19,5.09,25.415,10.189,23.981,191.229,81.61
20.889,28.613,4.28,5.36,25.379,10.617,24.735,294.138,70.478
20.192,28.767,4.34,5.54,25.219,5.989,24.455,82.542,66.307
19.966,28.453,3.99,5.28,24.981,8.543,24.209,222.074,59.091
19.24,27.907,3.59,5.01,23.103,6.275,23.562,118.502,52.289
18.027,27.501,3.46,5.14,21.322,1.139,22.747,18.228,38.279
17.849,28.762,3.87,5.66,19.913,0.745,23.29,0.744,31.579
18.488,30.05,4.45,6.29,19.856,0.314,24.255,0.313,28.658
20.729,32.426,5.17,6.94,22.533,1.459,26.579,24.555,29.128
21.932,32.868,5.37,6.9,25.069,6.813,27.379,176.942,41.269
22.336,32.182,5.12,6.58,26.129,4.855,27.255,113.346,49.763
20.725,28.844,4.38,5.55,25.833,7.908,24.763,141.143,70.421
20.497,28.132,4.22,5.17,25.428,11.106,24.3,306.953,76.811
21.433,29.157,4.33,5.31,25.38,6.274,25.278,60.132,72.778
21.359,29.943,4.47,5.66,25.219,9.884,25.644,133.882,61.956
21.051,29.539,4.1,5.35,24.981,7.775,25.295,122.375,59.091
20.243,28.91,3.67,5.04,23.599,7.975,24.551,186.495,54.07
18.198,27.679,3.48,5.18,21.326,1.058,22.905,2.114,36.979
18.109,29.023,3.88,5.81,19.973,1.381,23.552,8.736,23.58
19.248,30.811,4.56,6.37,20.897,2.32,25.015,49.1,26.49
20.826,32.499,5.19,6.94,22.533,1.399,26.651,13.581,27.879
22.797,33.738,5.47,6.97,25.029,2.368,28.264,37.758,40.349
22.415,32.261,5.14,6.59,26.129,4.359,27.334,44.793,49.253
21.543,29.646,4.45,5.65,25.807,7.693,25.558,240.551,65.778
20.962,28.594,4.26,5.24,25.428,8.024,24.764,294.088,75.628
20.907,28.63,4.29,5.33,25.379,7.674,24.753,97.669,71.48
20.788,29.346,4.4,5.66,25.219,5.184,25.037,62.962,60.641
20.218,28.706,4.01,5.27,24.981,9.988,24.462,119.522,60.759
19.713,28.381,3.63,5.12,23.06,2.277,24.02,11.124,47.773
18.517,27.977,3.49,5.1,21.331,3.099,23.201,132.357,40.677
18.091,29.014,3.88,5.67,19.913,1.176,23.543,2.043,31.538
18.48,30.046,4.46,6.32,20.897,1.355,24.249,16.876,26.42
21.54,33.198,5.27,6.97,23.878,0.514,27.351,1.225,28.649
21.809,32.75,5.36,6.92,24.96,7.134,27.26,144.782,40.065
23.16,32.993,5.21,6.59,26.069,5.187,28.067,128.203,48.86
22.363,30.465,4.55,5.65,25.841,11.678,26.376,346.734,69.499
20.637,28.293,4.24,5.21,25.378,13.325,24.46,337.361,77.81
21.16,28.884,4.3,5.36,25.364,8.293,25.007,153.965,70.278
20.754,29.312,4.4,5.64,25.219,6.268,25.001,105.715,60.877
20.742,29.229,4.06,5.31,25.011,12.449,24.987,294.797,60.29
19.414,28.08,3.62,5.08,23.501,3.18,23.72,68.261,49.437
18.286,27.762,3.48,5.15,21.331,1.036,22.987,1.979,37.188
18.272,29.189,3.9,5.68,19.973,2.633,23.718,37.739,31.019
19.24,30.804,4.56,6.42,20.897,1.398,25.007,2.501,25.333
20.371,32.029,5.14,6.93,22.533,2.593,26.182,76.356,27.996
22.626,33.549,5.45,6.93,25.029,5.867,28.071,117.886,41.076
22.494,32.309,5.13,6.58,26.106,5.907,27.397,152.21,49.298
21.606,29.699,4.46,5.55,25.796,6.854,25.618,209.964,72.49
20.336,27.97,4.2,5.17,25.378,11.285,24.139,221.578,78.165
20.585,28.322,4.26,5.32,25.421,11.531,24.443,198.507,71.48
20.409,29.006,4.38,5.6,25.219,2.628,24.695,22.015,63.142
20.003,28.49,3.98,5.27,24.634,11.916,24.245,261.617,60.775
18.97,27.616,3.56,5.08,22.605,3.218,23.254,48.926,47.533
18.585,28.079,3.5,5.1,21.331,3.994,23.302,57.106,40.677
18.094,29.008,3.89,5.66,19.943,1.885,23.537,9.349,31.93
19.166,30.73,4.55,6.33,20.897,0.77,24.932,2.588,29.021
20.476,32.157,5.15,6.9,22.533,0.85,26.31,10.578,30.145
21.96,32.895,5.37,6.89,25.069,6.207,27.407,156.038,43.478
21.209,31.022,4.98,6.41,24.508,8.753,26.096,238.13,54.134
20.986,29.087,4.4,5.26,25.616,8.076,24.999,140.541,84.044
20.639,28.273,4.22,5.15,25.428,7.833,24.44,149.646,80.523
20.431,28.155,4.24,5.24,24.395,6.141,24.277,93.329,73.646
21.071,29.648,4.43,5.56,25.219,7.58,25.336,169.103,65.462
20.636,29.123,4.04,5.26,24.981,7.697,24.879,276.537,63.21
19.092,27.717,3.57,5.0,22.986,3.978,23.379,69.518,52.808
17.607,27.106,3.43,5.11,20.092,2.524,22.332,57.53,38.475
17.569,28.484,3.84,5.63,19.943,1.24,23.012,12.236,30.707
18.658,30.223,4.49,6.3,20.222,0.045,24.426,0.045,27.734
21.018,32.714,5.23,6.95,22.533,0.196,26.864,0.196,27.955
22.629,33.582,5.44,6.97,25.069,6.619,28.091,58.223,42.245
21.411,31.241,5.0,6.48,24.521,1.844,26.315,29.252,53.085
20.79,28.901,4.37,5.36,24.835,11.861,24.821,297.568,79.983
19.841,27.474,4.14,5.07,23.836,8.04,23.643,133.842,80.956
20.844,28.566,4.28,5.26,25.379,7.0,24.689,116.325,73.628
20.472,29.053,4.38,5.55,25.219,4.226,24.743,87.751,66.835
19.914,28.402,3.98,5.18,24.189,13.335,24.158,339.14,64.048
19.6,28.266,3.63,5.0,23.591,7.282,23.907,167.104,53.244
18.165,27.655,3.47,5.14,21.331,1.978,22.879,14.709,39.473
17.662,28.577,3.84,5.67,19.943,0.0,23.105,0.0,30.587
18.969,30.534,4.51,6.33,20.897,1.53,24.738,7.897,28.961
20.052,31.734,5.1,6.9,21.147,2.029,25.887,8.797,28.636
22.054,32.994,5.38,6.92,23.966,2.317,27.506,29.825,40.449
22.454,32.279,5.13,6.48,26.106,7.947,27.354,178.229,54.324
21.396,29.506,4.43,5.41,25.764,10.408,25.417,261.231,79.21
20.667,28.302,4.23,5.05,25.428,9.453,24.469,133.069,84.469
20.984,28.707,4.3,5.24,25.357,6.397,24.829,60.604,75.281
20.974,29.555,4.42,5.61,25.219,4.659,25.243,39.444,64.147
20.759,29.247,4.05,5.22,24.981,11.183,25.003,234.628,65.174
19.598,28.244,3.62,4.98,23.591,7.356,23.901,185.888,54.148
18.943,28.464,3.54,5.1,21.331,2.093,23.69,25.019,42.005
18.286,29.202,3.91,5.69,19.973,1.572,23.731,7.983,30.308
19.602,31.166,4.59,6.34,20.897,1.347,25.37,6.391,29.67
21.034,32.695,5.21,6.94,22.533,1.428,26.867,14.345,30.067
22.387,33.323,5.41,6.99,25.069,5.527,27.834,96.974,39.43
21.775,31.605,5.05,6.45,26.106,8.253,26.679,182.621,53.501
21.87,30.009,4.5,5.59,26.002,6.438,25.919,65.16,69.615
20.818,28.474,4.25,5.16,25.391,8.575,24.641,198.303,81.733
21.059,28.782,4.3,5.26,25.379,11.052,24.904,250.827,75.276
20.56,29.134,4.38,5.56,25.219,6.837,24.825,77.373,65.244
20.379,28.864,4.03,5.18,24.981,9.825,24.621,148.76,65.071
20.155,28.801,3.67,4.99,23.591,6.348,24.44,153.59,54.435
18.745,28.217,3.51,5.13,21.331,1.105,23.443,12.529,39.665
18.518,29.439,3.93,5.71,19.973,0.599,23.967,1.206,30.407
19.469,31.035,4.57,6.37,20.846,2.8,25.238,15.07,27.096
21.01,32.689,5.22,6.99,22.533,0.196,26.842,0.196,26.344
22.689,33.617,5.45,6.96,25.069,4.394,28.14,112.009,40.055
22.844,32.657,5.19,6.6,26.091,6.91,27.749,131.153,49.261
21.349,29.456,4.44,5.46,25.703,12.596,25.366,510.29,77.0
20.363,27.996,4.2,5.07,25.428,8.902,24.167,215.93,82.868
21.103,28.84,4.31,5.31,25.357,9.232,24.962,89.444,72.293
20.911,29.507,4.43,5.57,25.219,7.496,25.198,143.537,65.602
20.799,29.285,4.06,5.23,24.982,8.722,25.042,253.012,64.33
19.945,28.591,3.64,5.03,23.634,5.52,24.232,183.124,52.183
18.715,28.171,3.5,5.14,21.331,3.63,23.396,46.04,39.496
18.518,29.439,3.93,5.69,19.973,0.076,23.967,0.077,31.616
19.04,30.605,4.53,6.36,20.637,1.22,24.807,8.29,27.526
20.913,32.61,5.21,6.95,22.533,1.106,26.762,8.527,28.413
22.398,33.321,5.41,6.98,24.978,4.688,27.832,68.429,38.829
21.935,31.765,5.07,6.48,26.002,5.533,26.837,131.437,53.162
21.775,29.874,4.48,5.56,25.749,5.726,25.785,36.016,70.416
21.141,28.774,4.27,5.17,25.428,11.716,24.945,390.755,80.257
21.359,29.086,4.32,5.37,25.357,6.009,25.206,60.537,70.742
20.549,29.108,4.4,5.54,25.219,6.742,24.797,117.359,65.841
20.619,29.106,4.03,5.32,24.981,8.967,24.862,160.905,59.738
19.111,27.736,3.57,4.86,23.591,8.297,23.398,215.58,59.733
18.633,28.113,3.5,5.12,21.331,1.189,23.337,5.913,39.453
18.131,29.054,3.89,5.6,19.943,3.01,23.583,32.398,35.067
19.455,31.02,4.57,6.28,20.897,2.222,25.223,18.973,31.482
21.61,33.268,5.27,6.81,22.533,1.13,27.421,11.122,37.7
22.763,33.718,5.48,6.98,25.069,3.396,28.245,47.448,41.054
21.943,31.782,5.08,6.48,26.102,6.887,26.858,173.162,54.393
21.148,29.241,4.41,5.4,25.728,13.745,25.153,383.875,77.975
20.378,28.012,4.21,5.05,24.604,13.536,24.181,343.295,83.855
21.035,28.772,4.31,5.27,25.357,9.886,24.894,160.367,74.271
20.763,29.321,4.4,5.59,25.219,5.665,25.011,102.325,64.086
20.623,29.111,4.05,5.3,24.981,8.675,24.869,172.597,60.712
19.626,28.291,3.63,5.02,23.501,4.534,23.932,47.686,52.405
18.679,28.137,3.5,5.11,21.331,2.226,23.362,33.935,40.805
17.994,28.907,3.88,5.68,19.894,1.35,23.436,3.356,31.447
18.926,30.49,4.52,6.3,20.621,2.055,24.694,32.706,30.106
20.536,32.195,5.15,6.93,22.533,1.654,26.369,25.856,29.128
21.794,32.717,5.35,6.88,24.802,4.691,27.257,62.575,42.687
21.667,31.492,5.04,6.43,26.071,8.686,26.565,161.666,53.163
22.097,30.211,4.51,5.59,25.868,5.492,26.121,114.685,69.326
21.086,28.719,4.27,5.17,25.428,8.92,24.888,276.048,81.146
20.885,28.608,4.29,5.25,25.377,8.562,24.73,235.218,75.275
20.801,29.359,4.4,5.57,25.219,7.211,25.05,130.565,65.727
20.287,28.774,4.02,5.16,24.981,12.748,24.532,286.786,66.001
19.64,28.306,3.63,5.08,23.442,4.214,23.946,26.185,48.97
18.715,28.171,3.5,5.13,21.331,4.129,23.396,67.379,40.211
17.722,28.642,3.85,5.62,19.943,2.455,23.17,29.226,34.782
18.233,29.798,4.43,6.34,20.281,0.337,24.001,0.577,25.623
20.431,32.112,5.15,6.89,22.533,2.734,26.264,20.819,29.621
21.934,32.867,5.37,6.9,24.031,5.071,27.378,66.083,40.585
22.657,32.472,5.15,6.57,26.106,5.152,27.546,90.686,49.523
21.735,29.829,4.48,5.51,25.777,6.96,25.751,82.687,73.407
21.343,28.977,4.3,5.22,25.428,8.977,25.146,275.907,77.995
21.238,28.962,4.31,5.32,25.357,9.604,25.083,185.972,72.778
21.422,30.004,4.47,5.66,25.219,4.397,25.692,79.071,62.208
20.778,29.264,4.06,5.27,25.082,9.024,25.023,248.972,62.301
20.047,28.729,3.67,5.02,23.591,6.045,24.369,105.926,53.933
18.715,28.171,3.5,5.13,21.331,3.875,23.396,69.558,40.677
17.802,28.724,3.87,5.76,19.913,0.0,23.251,0.0,26.516
19.292,30.855,4.56,6.37,20.897,0.045,25.06,0.045,26.138
21.173,32.855,5.23,6.94,22.533,1.396,27.005,20.67,28.186
23.31,34.247,5.54,6.96,25.185,1.993,28.773,22.795,41.654
23.178,32.991,5.21,6.6,26.129,5.643,28.083,141.253,50.374
21.828,29.94,4.5,5.61,25.707,5.385,25.857,190.843,69.681
21.151,28.806,4.28,5.21,25.312,16.671,24.976,587.494,78.839
20.828,28.551,4.27,5.32,25.456,13.742,24.673,224.076,72.778
20.226,28.801,4.35,5.53,25.219,7.837,24.488,113.939,65.434
20.819,29.306,4.07,5.31,24.981,10.562,25.062,271.832,60.154
19.043,27.688,3.56,5.0,22.666,7.788,23.327,229.965,52.571
18.073,27.547,3.46,5.15,21.0,2.877,22.794,29.547,37.608
17.351,28.266,3.82,5.69,19.943,0.0,22.795,0.0,28.432
18.506,30.072,4.46,6.31,20.897,0.045,24.275,0.045,27.266
20.439,32.097,5.15,6.93,22.533,1.024,26.273,1.409,28.462
21.792,32.743,5.35,6.9,25.004,5.255,27.269,72.952,41.366
22.455,32.271,5.14,6.5,26.084,6.429,27.345,71.008,51.807
21.748,29.843,4.47,5.61,25.785,6.923,25.753,60.308,68.455
20.995,28.628,4.26,5.26,25.378,8.38,24.797,135.534,74.917
20.961,28.698,4.31,5.32,25.364,9.609,24.822,220.098,72.061
21.164,29.739,4.45,5.6,25.219,5.685,25.427,79.492,63.142
21.678,30.163,4.16,5.36,25.011,6.534,25.919,124.792,58.413
20.384,29.03,3.67,5.1,23.591,4.879,24.671,71.562,51.945
18.637,28.099,3.5,5.07,20.948,5.334,23.324,105.69,43.906
18.733,29.645,3.95,5.66,19.935,1.245,24.173,10.394,32.789
19.748,31.312,4.6,6.38,20.897,0.771,25.514,3.802,27.759
21.268,32.928,5.24,6.95,22.533,1.2,27.08,6.435,28.506
22.641,33.564,5.45,6.96,25.055,3.267,28.086,77.125,41.418
22.349,32.165,5.12,6.54,26.069,4.918,27.252,62.264,50.7
21.72,29.837,4.47,5.57,25.781,7.42,25.749,174.957,71.139
20.965,28.597,4.26,5.15,25.428,10.422,24.767,164.839,80.062
21.737,29.475,4.37,5.37,25.649,6.326,25.597,130.564,71.48
20.84,29.398,4.4,5.62,25.219,10.607,25.087,185.475,64.029
20.413,28.898,4.03,5.3,24.995,11.713,24.655,310.828,59.074
19.825,28.471,3.64,4.98,23.706,8.633,24.112,166.987,54.98
18.706,28.163,3.5,5.11,21.331,4.12,23.388,53.652,41.595
17.53,28.451,3.84,5.71,19.913,2.924,22.979,24.925,29.015
18.26,29.827,4.43,6.43,20.897,0.045,24.029,0.045,21.497
20.095,31.755,5.11,6.91,22.533,1.761,25.906,29.287,26.713
22.667,33.59,5.44,6.99,25.069,2.618,28.115,38.286,37.207
22.323,32.153,5.13,6.51,26.106,6.311,27.226,92.215,52.811
21.532,29.637,4.46,5.53,25.764,10.738,25.549,288.021,73.739
20.119,27.774,4.19,5.17,25.415,10.746,23.942,241.333,78.465
20.437,28.163,4.25,5.27,25.357,4.729,24.284,118.189,71.982
20.531,29.089,4.38,5.57,25.219,3.635,24.778,61.162,64.533
19.963,28.45,3.99,5.24,24.981,7.361,24.207,120.97,61.838
19.506,28.172,3.62,5.11,23.591,4.175,23.812,121.868,46.788
18.751,28.208,3.5,5.09,21.331,3.068,23.433,83.287,42.935
17.62,28.544,3.85,5.67,19.779,0.5,23.071,0.846,31.529
18.84,30.406,4.5,6.33,20.297,1.437,24.608,11.006,28.119
20.472,32.153,5.15,6.89,22.533,2.47,26.306,69.85,30.134
21.891,32.831,5.37,6.9,24.645,7.582,27.341,140.06,41.222
22.557,32.368,5.14,6.55,26.091,4.272,27.442,87.512,50.271
21.568,29.669,4.46,5.56,25.786,8.812,25.58,119.427,71.992
20.234,27.889,4.2,5.08,24.766,8.216,24.058,159.105,82.498
21.149,28.873,4.31,5.32,25.357,6.847,24.996,126.953,71.14
20.828,29.408,4.41,5.59,25.219,7.7,25.099,151.279,64.603
20.632,29.119,4.04,5.31,24.981,6.601,24.879,95.966,59.942
19.818,28.463,3.64,5.01,23.591,5.317,24.104,57.605,53.401
18.623,28.081,3.5,5.13,21.331,2.205,23.305,40.738,40.362
17.814,28.73,3.87,5.69,19.943,0.0,23.257,0.0,29.447
19.24,30.805,4.55,6.31,20.897,1.944,25.008,6.395,28.663
21.426,33.12,5.28,6.97,22.533,0.805,27.272,0.95,28.211
22.77,33.707,5.47,6.98,25.033,4.498,28.233,34.826,40.38
22.418,32.244,5.13,6.55,26.069,5.538,27.319,80.184,50.969
21.791,29.896,4.49,5.56,25.847,6.093,25.808,92.4,71.171
20.727,28.361,4.25,5.2,25.415,9.876,24.529,160.385,77.862
21.149,28.873,4.31,5.33,25.364,9.688,24.996,336.887,72.074
20.505,29.081,4.39,5.59,25.219,4.438,24.771,49.017,63.613
20.443,28.929,4.03,5.27,24.986,12.069,24.687,228.199,60.128
19.919,28.566,3.65,5.08,23.599,6.971,24.206,123.959,50.665
18.503,27.997,3.5,5.07,21.331,4.126,23.221,87.248,43.41
18.16,29.075,3.89,5.68,19.973,1.241,23.604,7.772,31.616
18.835,30.397,4.49,6.33,20.859,1.438,24.602,19.45,28.488
20.841,32.537,5.2,6.93,22.081,1.904,26.688,19.831,29.222
22.503,33.426,5.42,6.93,25.029,5.301,27.949,118.504,42.416
21.973,31.797,5.08,6.49,26.129,6.605,26.873,188.864,53.236
21.395,29.511,4.45,5.49,25.828,7.743,25.427,168.828,74.466
20.806,28.439,4.25,5.19,25.428,8.58,24.608,160.733,77.81
20.709,28.432,4.26,5.27,25.357,8.872,24.554,205.094,74.078
20.713,29.287,4.4,5.57,25.219,5.389,24.977,59.946,64.844
20.419,28.906,4.03,5.26,24.981,10.644,24.664,205.457,62.885
19.471,28.116,3.62,4.99,23.395,4.677,23.756,148.1,54.956
17.855,27.315,3.44,5.17,19.983,1.097,22.537,6.783,35.232
18.09,29.012,3.9,5.63,19.943,1.415,23.54,3.565,32.782
18.755,30.317,4.48,6.36,20.243,1.912,24.522,12.566,27.54
20.093,31.753,5.1,6.88,22.052,1.656,25.905,11.846,28.906
22.24,33.196,5.41,6.95,25.01,4.379,27.709,73.236,39.705
21.825,31.653,5.07,6.54,25.468,7.145,26.726,144.283,50.922
20.531,28.636,4.35,5.4,24.99,5.663,24.548,95.756,76.754
20.448,28.082,4.2,5.18,24.841,6.831,24.25,113.751,76.837
20.605,28.329,4.26,5.3,25.305,9.711,24.452,191.443,71.48
20.688,29.263,4.4,5.57,25.219,9.413,24.954,196.389,65.046
20.326,28.812,4.02,5.26,25.007,10.247,24.568,198.064,61.877
19.136,27.782,3.57,5.14,23.556,3.239,23.421,41.2,46.349
17.653,27.112,3.43,5.09,20.017,3.627,22.337,85.363,40.529
17.038,27.953,3.8,5.67,18.794,0.408,22.48,0.408,27.215
18.763,30.328,4.49,6.36,20.446,0.045,24.531,0.045,26.404
20.032,31.693,5.1,6.94,21.578,0.196,25.867,0.196,25.796
22.663,33.586,5.44,6.93,25.029,3.994,28.11,31.804,42.477
21.495,31.308,5.01,6.4,25.441,10.763,26.381,255.439,55.137
22.326,30.431,4.53,5.62,25.749,6.879,26.343,201.923,69.064
20.873,28.506,4.26,5.21,25.415,8.26,24.673,213.024,77.966
21.394,29.117,4.33,5.37,25.379,3.991,25.241,61.349,69.255
21.386,29.984,4.47,5.65,25.219,9.141,25.685,270.125,63.088
20.745,29.231,4.05,5.26,24.981,11.859,24.988,230.876,63.063
19.995,28.655,3.66,5.01,23.591,6.234,24.295,133.679,53.199
18.97,28.458,3.53,5.1,21.331,5.801,23.683,142.899,42.254
18.37,29.286,3.92,5.75,19.943,0.0,23.812,0.0,27.997
19.469,31.034,4.57,6.37,21.734,0.045,25.237,0.045,26.451
21.221,32.88,5.23,6.95,22.533,0.428,27.031,0.669,27.952
23.476,34.412,5.56,6.95,25.074,3.042,28.929,17.668,42.533
23.192,33.019,5.21,6.61,26.106,4.191,28.092,97.36,50.61
21.746,29.86,4.47,5.52,25.828,9.244,25.778,186.97,74.414
21.348,28.983,4.3,5.21,26.272,8.979,25.151,441.173,79.799
20.379,28.102,4.23,5.23,25.357,8.229,24.226,141.652,74.942
20.982,29.557,4.43,5.57,25.219,6.859,25.247,118.086,64.844
20.578,29.065,4.03,5.26,24.981,10.257,24.823,272.962,63.063
19.643,28.312,3.62,5.1,23.299,4.126,23.95,65.153,49.373
18.286,27.762,3.48,5.09,21.331,3.694,22.987,60.97,41.194
17.609,28.53,3.86,5.7,19.964,0.0,23.058,0.0,28.931
18.412,29.976,4.45,6.4,20.482,0.045,24.179,0.045,22.298
20.878,32.553,5.2,6.93,21.886,0.87,26.706,3.934,27.793
22.806,33.757,5.48,6.96,25.06,4.149,28.291,61.96,41.624
22.06,31.875,5.09,6.51,26.106,5.886,26.949,111.402,51.54
21.855,29.97,4.49,5.57,25.721,6.712,25.886,84.951,69.969
20.835,28.469,4.26,5.18,25.428,10.718,24.636,265.327,79.553
20.569,28.294,4.26,5.28,25.364,8.677,24.414,124.01,72.778
20.434,28.993,4.37,5.54,25.219,8.577,24.682,195.44,65.59
20.506,28.993,4.04,5.29,24.981,8.529,24.751,133.681,59.725
20.164,28.83,3.68,5.16,23.269,2.897,24.472,22.25,46.71
18.498,27.978,3.49,5.23,20.717,0.958,23.203,5.677,35.551
17.68,28.596,3.85,5.68,19.935,0.522,23.123,0.974,28.75
19.849,31.414,4.62,6.34,20.897,1.421,25.618,3.055,29.144
21.068,32.727,5.23,6.93,22.533,2.155,26.9,38.053,29.908
23.068,33.99,5.5,6.98,24.982,2.282,28.514,24.615,41.544
21.893,31.718,5.07,6.53,26.113,5.107,26.791,137.295,52.293
20.924,29.018,4.38,5.42,25.415,8.176,24.929,212.935,76.573
20.646,28.28,4.23,5.15,25.428,11.126,24.449,365.05,79.868
20.684,28.407,4.26,5.25,25.357,9.889,24.528,237.642,75.048
20.298,28.858,4.34,5.53,25.001,7.992,24.545,169.259,66.545
20.065,28.554,3.99,5.16,24.981,9.651,24.311,228.47,65.925
19.347,28.012,3.62,4.99,22.951,6.071,23.654,98.987,53.924
17.879,27.392,3.46,5.16,21.243,1.517,22.617,10.141,38.279
16.814,27.736,3.8,5.64,18.649,0.0,22.263,0.0,29.862
17.993,29.557,4.42,6.3,19.553,0.045,23.761,0.045,24.651
20.794,32.451,5.17,6.95,21.623,0.862,26.603,40.398,27.62
21.712,32.653,5.34,6.9,24.56,5.74,27.161,136.802,41.729
22.56,32.386,5.14,6.55,26.129,5.545,27.463,122.621,49.794
21.935,30.063,4.5,5.69,25.815,4.899,25.979,149.754,65.051
21.097,28.73,4.27,5.23,25.378,9.289,24.899,90.47,77.339
20.745,28.469,4.27,5.32,24.217,9.597,24.592,222.305,71.732
21.005,29.602,4.43,5.58,25.219,5.764,25.291,78.838,63.671
21.173,29.659,4.11,5.33,24.981,9.993,25.416,145.066,60.119
20.003,28.649,3.66,4.94,24.082,8.284,24.289,186.295,57.875
18.805,28.262,3.51,5.15,21.331,1.1,23.487,11.406,39.932
17.976,28.89,3.88,5.75,19.943,0.0,23.418,0.0,27.646
19.151,30.715,4.55,6.32,20.897,1.813,24.917,36.988,29.021
20.84,32.514,5.19,6.93,23.216,2.115,26.666,48.832,29.795
22.581,33.508,5.43,6.94,25.029,3.978,28.017,91.346,42.678
21.462,31.288,5.01,6.45,26.129,9.299,26.361,168.071,53.952
21.478,29.592,4.46,5.49,25.785,7.929,25.509,238.169,74.31
20.619,28.252,4.22,5.15,25.415,10.893,24.422,151.191,79.513
21.282,29.005,4.31,5.31,25.379,5.256,25.127,115.707,72.972
21.155,29.715,4.43,5.62,25.219,6.854,25.404,154.336,63.974
20.348,28.834,4.0,5.22,24.981,12.83,24.591,379.141,64.459
19.889,28.533,3.65,4.94,23.907,8.325,24.173,271.783,57.481
18.532,28.028,3.5,5.15,21.331,1.413,23.254,3.717,38.38
18.091,29.006,3.88,5.66,19.973,0.0,23.534,0.0,31.69
18.858,30.421,4.5,6.31,20.621,1.393,24.626,26.784,29.327
20.778,32.46,5.18,6.89,22.533,0.886,26.611,3.3,29.935
22.701,33.624,5.45,6.96,25.069,3.592,28.147,75.223,41.752
21.667,31.492,5.04,6.5,25.894,6.713,26.567,70.016,52.844
20.648,28.742,4.36,5.42,24.398,6.121,24.652,127.706,75.626
20.16,27.792,4.19,5.07,24.96,9.884,23.962,181.965,81.472
20.588,28.314,4.26,5.22,25.419,8.857,24.434,120.155,74.79
20.788,29.347,4.4,5.57,25.219,6.792,25.035,101.66,64.52
20.89,29.378,4.06,5.28,24.981,10.447,25.133,142.731,60.824
20.098,28.743,3.67,5.02,23.903,6.866,24.384,215.448,53.73
18.719,28.177,3.5,5.01,21.474,3.701,23.402,63.185,46.504
18.802,29.715,3.96,5.64,19.952,0.272,24.243,1.311,34.507
19.686,31.25,4.58,6.29,21.579,1.694,25.454,54.682,33.025
21.056,32.714,5.22,6.93,22.533,1.234,26.888,22.678,30.556
22.726,33.649,5.46,6.96,25.069,2.807,28.198,32.142,39.97
22.551,32.379,5.15,6.55,26.106,4.568,27.454,127.557,52.035
21.426,29.533,4.45,5.53,25.764,9.186,25.443,239.171,73.629
19.98,27.614,4.16,5.07,25.03,8.86,23.782,195.084,81.632
20.843,28.567,4.28,5.27,26.423,7.91,24.688,117.104,72.331
20.559,29.117,4.38,5.51,24.487,10.231,24.807,179.52,67.3
20.719,29.204,4.05,5.31,24.981,9.742,24.962,164.902,60.29
19.453,28.1,3.6,4.85,23.781,8.13,23.754,285.46,60.684
19.263,28.74,3.55,5.1,21.871,1.336,23.963,16.749,42.078
17.699,28.621,3.86,5.75,19.973,0.347,23.148,0.347,27.814
19.147,30.71,4.55,6.35,21.176,0.045,24.913,0.045,26.693
20.878,32.559,5.19,6.94,22.533,1.122,26.711,14.272,28.503
22.227,33.162,5.4,6.87,25.025,4.026,27.674,75.085,43.058
22.81,32.636,5.18,6.61,26.122,5.598,27.715,102.627,49.779
20.684,28.779,4.37,5.39,24.447,8.912,24.697,173.309,77.919
20.557,28.19,4.22,5.17,25.278,8.875,24.359,176.891,77.953
20.896,28.618,4.28,5.27,25.417,6.444,24.742,94.015,72.309
21.533,30.093,4.47,5.62,25.219,7.308,25.803,113.181,63.612
20.914,29.399,4.07,5.31,24.981,8.501,25.157,170.587,60.292
20.267,28.934,3.67,5.05,23.661,6.071,24.574,139.757,52.206
19.555,29.034,3.59,5.14,21.331,2.432,24.258,42.058,41.965
18.616,29.538,3.93,5.73,19.943,0.806,24.065,0.819,30.392
19.439,31.003,4.57,6.37,20.897,0.77,25.206,2.069,27.521
20.823,32.483,5.16,6.93,22.533,2.217,26.635,67.765,29.233
22.593,33.516,5.44,6.94,25.029,2.445,28.039,34.316,41.366
22.405,32.236,5.13,6.55,26.129,7.76,27.31,127.309,51.807
20.871,28.969,4.38,5.48,25.523,9.475,24.881,173.702,73.625
20.948,28.579,4.26,5.18,24.9,9.896,24.747,235.75,79.287
20.632,28.354,4.26,5.28,25.399,8.886,24.475,184.209,72.778
20.429,29.026,4.38,5.57,25.219,9.515,24.716,177.063,64.52
20.652,29.139,4.04,5.26,24.981,10.106,24.897,205.72,62.102
19.604,28.272,3.61,5.01,23.591,4.282,23.912,90.057,52.669
18.375,27.872,3.49,5.1,21.331,1.838,23.097,17.59,41.069
17.907,28.826,3.88,5.67,19.973,0.03,23.355,0.03,30.388
19.432,30.997,4.57,6.35,21.119,0.045,25.201,0.045,27.856
21.227,32.907,5.23,6.94,22.533,0.911,27.06,6.394,29.305
23.212,34.151,5.5,6.97,25.029,2.97,28.668,73.642,41.366
22.514,32.329,5.14,6.55,26.129,4.843,27.403,119.259,51.807
21.612,29.729,4.46,5.52,25.721,8.785,25.644,206.086,72.807
21.373,29.006,4.29,5.18,25.428,6.557,25.175,94.773,79.287
21.545,29.268,4.34,5.33,25.883,7.591,25.392,106.295,72.778
21.573,30.132,4.47,5.62,25.219,6.631,25.821,83.363,64.52
21.486,29.973,4.13,5.3,25.774,7.888,25.729,112.853,61.857
20.614,29.282,3.71,5.09,23.591,6.563,24.921,171.28,52.982
18.719,28.177,3.5,5.13,21.331,1.272,23.402,16.89,40.677
18.299,29.213,3.91,5.65,19.973,0.434,23.741,0.434,30.388
20.829,32.392,4.71,6.41,22.142,0.045,26.598,0.045,27.788
22.201,33.861,5.34,7.01,22.726,0.503,28.011,0.504,29.128
23.693,34.615,5.58,6.99,25.477,1.313,29.138,7.182,41.366
23.579,33.408,5.25,6.59,27.425,5.877,28.49,149.771,51.807
22.534,30.639,4.56,5.57,27.516,9.127,26.55,224.834,72.807
21.781,29.413,4.34,5.23,26.406,9.549,25.58,193.83,79.247
21.242,28.966,4.31,5.36,25.357,8.948,25.09,189.117,72.778
20.569,29.143,4.39,5.56,25.219,7.142,24.833,129.027,64.52
21.186,29.674,4.1,5.27,24.982,7.372,25.429,103.324,62.203
20.175,28.821,3.66,5.04,23.153,3.962,24.46,115.271,52.871
18.912,28.422,3.53,5.14,21.331,4.632,23.648,163.611,40.677
18.467,29.389,3.92,5.74,19.943,2.194,23.915,12.702,30.388
18.543,30.105,4.48,6.34,21.345,4.522,24.311,45.906,27.792
19.932,31.614,5.09,6.89,23.029,3.974,25.765,98.374,29.128
21.845,32.797,5.36,6.84,25.029,5.08,27.306,72.194,41.366
23.377,33.207,5.23,6.58,26.308,3.078,28.294,58.701,51.807
21.222,29.33,4.43,5.53,25.748,8.138,25.241,182.531,73.466
20.651,28.285,4.22,5.15,25.378,13.072,24.454,336.381,79.287
21.119,28.841,4.3,5.3,25.443,4.637,24.964,46.919,72.778
21.06,29.619,4.42,5.6,25.219,9.024,25.307,110.935,64.52
20.618,29.105,4.05,5.26,24.981,8.226,24.862,264.323,61.652
20.164,28.83,3.67,5.04,23.591,4.086,24.47,52.859,52.669
18.894,28.404,3.53,5.13,21.404,3.729,23.63,41.205,40.677
18.727,29.648,3.96,5.72,19.913,2.409,24.176,17.934,30.388
19.882,31.447,4.61,6.39,21.197,1.494,25.649,7.557,27.521
21.595,33.253,5.29,6.96,23.089,2.071,27.405,29.798,28.763
23.152,34.091,5.5,6.97,25.029,2.886,28.601,22.015,41.366
22.978,32.81,5.19,6.59,26.129,5.369,27.882,97.233,51.807
20.979,29.086,4.4,5.5,25.77,7.213,24.997,158.557,72.807
20.979,28.612,4.25,5.17,25.428,10.128,24.781,187.977,79.287
21.185,28.907,4.3,5.3,25.357,10.311,25.031,124.339,72.778
21.435,30.032,4.47,5.63,25.219,7.416,25.721,99.089,64.52
20.704,29.191,4.05,5.28,24.981,7.382,24.948,104.628,61.881
19.742,28.409,3.64,5.01,23.591,7.168,24.049,186.28,52.669
19.29,28.823,3.58,5.16,21.331,1.746,24.047,13.764,40.677
18.154,29.071,3.89,5.71,19.973,2.637,23.599,35.323,30.388
19.036,30.6,4.52,6.34,20.897,2.227,24.803,26.167,27.557
21.131,32.787,5.23,6.92,22.533,0.954,26.964,2.123,29.128
23.383,34.324,5.55,6.97,25.241,2.221,28.835,32.174,41.366
23.135,32.962,5.21,6.59,26.122,5.547,28.037,91.597,51.807
21.7,29.817,4.48,5.52,25.807,8.017,25.733,222.246,72.807
21.671,29.326,4.33,5.24,26.058,10.439,25.494,197.494,79.183
20.835,28.557,4.27,5.32,25.357,7.745,24.679,139.476,72.778
21.26,29.859,4.46,5.59,25.36,8.966,25.56,218.469,64.52
21.406,29.894,4.12,5.31,25.163,9.036,25.649,123.41,61.652
20.148,28.815,3.67,5.03,23.72,6.773,24.456,167.076,53.156
19.481,28.961,3.58,5.16,22.034,2.561,24.184,35.296,40.677
18.48,29.401,3.94,5.74,20.263,0.258,23.929,0.258,30.388
18.81,30.373,4.49,6.34,20.882,0.045,24.577,0.045,27.521
20.758,32.416,5.18,6.9,22.533,1.833,26.57,32.259,29.128
23.16,34.084,5.5,6.95,26.189,4.253,28.595,72.487,41.366
23.204,33.033,5.21,6.59,26.416,5.797,28.11,114.861,51.807
22.01,30.108,4.5,5.53,25.833,8.508,26.041,166.875,72.807
22.323,29.959,4.39,5.24,27.14,5.684,26.126,92.883,79.287
21.567,29.291,4.34,5.33,25.456,8.561,25.414,221.196,72.778
22.397,30.978,4.58,5.66,26.969,5.472,26.682,71.078,64.52
21.58,30.066,4.15,5.33,24.981,11.357,25.822,232.27,61.652
20.939,29.606,3.74,5.07,24.837,4.987,25.246,91.251,52.741
19.481,28.962,3.58,5.18,21.332,4.695,24.184,137.937,40.677
18.355,29.277,3.91,5.71,20.186,0.0,23.806,0.0,30.388
20.337,31.901,4.66,6.4,21.779,0.916,26.104,1.392,27.521
21.98,33.64,5.32,7.02,24.213,1.49,27.792,8.56,29.128
22.187,33.123,5.39,6.94,25.069,6.383,27.634,102.945,41.366
22.96,32.772,5.19,6.54,26.518,5.69,27.859,148.658,51.729
22.155,30.26,4.52,5.56,25.764,10.012,26.192,223.694,72.807
21.191,28.824,4.27,5.2,25.428,13.083,24.993,434.793,79.287
21.111,28.85,4.31,5.33,25.402,11.055,24.973,283.604,72.778
20.89,29.486,4.42,5.57,25.219,11.634,25.176,283.12,64.52
21.578,30.064,4.14,5.3,25.78,3.647,25.82,17.317,62.023
20.248,28.892,3.67,5.07,23.591,5.126,24.532,85.406,52.669
18.923,28.396,3.52,5.13,21.331,2.58,23.621,50.619,40.677
18.143,29.058,3.88,5.7,19.943,1.239,23.587,5.086,30.388
18.655,30.22,4.49,6.34,20.271,0.045,24.421,0.045,27.521
20.4,32.08,5.14,6.89,22.06,1.163,26.234,6.671,29.128
22.8,33.737,5.47,6.93,25.069,3.208,28.253,31.024,41.366
22.803,32.615,5.17,6.55,26.091,5.326,27.703,90.628,51.807
21.436,29.556,4.45,5.53,25.807,9.772,25.468,241.308,72.807
20.85,28.505,4.26,5.17,25.393,12.08,24.673,389.227,79.287
21.255,28.979,4.31,5.32,26.352,6.3,25.102,85.905,72.778
20.94,29.499,4.42,5.57,25.219,8.019,25.187,134.983,64.52
21.279,29.767,4.11,5.3,24.99,11.234,25.522,271.008,61.647
20.274,28.92,3.67,5.04,23.591,4.095,24.56,35.012,52.669
19.044,28.518,3.53,5.15,21.331,1.413,23.743,11.071,40.677
17.984,28.898,3.88,5.68,19.973,1.861,23.426,5.2,30.388
19.777,31.342,4.6,6.37,21.681,1.079,25.546,2.143,27.521
21.488,33.147,5.26,6.95,23.626,1.173,27.297,6.899,29.128
23.318,34.255,5.54,6.99,25.069,2.225,28.782,31.605,41.366
22.033,31.845,5.07,6.53,25.944,9.157,26.933,175.535,51.807
21.843,29.936,4.48,5.52,25.833,7.114,25.852,158.044,72.807
21.093,28.748,4.28,5.2,25.413,9.001,24.917,134.45,79.287
21.028,28.764,4.3,5.29,25.38,6.207,24.887,105.873,72.778
21.457,30.055,4.47,5.62,25.864,5.815,25.743,57.586,64.52
21.094,29.581,4.1,5.29,24.987,10.691,25.336,260.755,61.652
20.453,29.1,3.69,5.05,23.962,5.124,24.74,99.506,52.696
19.038,28.512,3.53,5.14,21.406,1.791,23.737,28.072,40.677
19.012,29.932,3.99,5.73,21.166,0.642,24.461,0.81,30.388
19.649,31.21,4.59,6.37,20.897,1.188,25.417,2.972,27.521
21.755,33.412,5.31,6.95,23.18,1.192,27.565,7.23,29.128
22.829,33.765,5.46,6.96,25.004,3.592,28.274,53.162,41.366
23.407,33.233,5.22,6.59,26.353,5.998,28.312,156.663,51.807
21.291,29.392,4.43,5.54,25.77,11.232,25.308,439.716,72.807
20.924,28.558,4.25,5.17,26.407,9.394,24.726,195.908,79.287
20.67,28.392,4.26,5.26,25.357,7.978,24.514,141.683,72.778
21.615,30.19,4.48,5.62,25.837,5.646,25.878,61.565,64.52
20.734,29.219,4.05,5.3,24.981,12.011,24.978,329.609,61.652
19.885,28.533,3.65,5.03,23.591,4.341,24.172,57.598,52.669
18.653,28.147,3.51,5.15,21.331,1.035,23.371,4.799,40.677
17.332,28.248,3.82,5.64,19.973,0.808,22.776,1.172,30.388
19.518,31.08,4.58,6.37,20.621,0.045,25.285,0.045,27.521
20.569,32.227,5.15,6.93,22.533,0.196,26.4,0.196,29.128
22.72,33.663,5.47,6.95,25.043,3.14,28.202,14.683,41.366
22.329,32.159,5.11,6.55,26.193,6.758,27.233,121.167,51.807
21.573,29.694,4.47,5.53,25.764,10.576,25.605,358.154,72.807
20.981,28.614,4.26,5.18,25.306,11.008,24.784,322.475,79.287
21.13,28.852,4.3,5.31,25.373,9.703,24.976,145.022,72.778
21.159,29.718,4.44,5.6,25.219,6.828,25.405,93.834,64.52
20.875,29.362,4.07,5.27,24.981,10.091,25.119,209.495,61.652
20.333,29.0,3.68,5.07,23.591,6.543,24.64,125.087,52.669
18.248,27.728,3.48,5.12,20.929,1.558,22.952,8.575,40.677
17.71,28.625,3.85,5.66,19.973,0.401,23.153,0.425,30.388
18.99,30.555,4.52,6.33,20.882,0.768,24.758,1.127,27.521
21.035,32.694,5.22,6.94,22.533,1.653,26.848,38.727,29.128
22.705,33.648,5.47,6.95,25.069,2.852,28.195,43.594,41.366
22.961,32.806,5.2,6.56,26.106,7.156,27.88,93.719,51.807
22.008,30.119,4.5,5.56,25.759,10.664,26.03,299.414,72.807
21.051,28.682,4.26,5.18,25.428,10.02,24.852,217.844,79.287
21.477,29.2,4.33,5.32,25.38,8.232,25.323,130.341,72.778
21.126,29.684,4.42,5.61,25.627,5.706,25.371,104.343,64.52
20.704,29.19,4.06,5.27,24.981,10.85,24.949,223.569,61.652
19.985,28.646,3.65,5.04,24.356,6.714,24.287,147.346,52.669
18.54,28.033,3.5,5.11,21.331,5.094,23.258,158.22,40.677
18.37,29.285,3.92,5.7,19.973,1.079,23.812,2.14,30.388
19.396,30.962,4.57,6.37,20.846,2.457,25.166,11.199,27.521
21.082,32.74,5.23,6.95,22.533,1.215,26.914,11.233,29.128
22.08,33.0,5.37,6.91,24.692,3.914,27.513,35.494,41.366
22.737,32.554,5.16,6.52,26.133,5.963,27.627,98.095,51.807
21.75,29.843,4.49,5.55,25.828,7.098,25.766,106.412,72.807
20.781,28.414,4.24,5.17,25.428,10.671,24.583,240.458,79.287
21.602,29.326,4.34,5.31,25.379,6.811,25.449,100.357,72.778
21.594,30.168,4.49,5.64,25.932,4.331,25.88,48.125,64.52
20.829,29.315,4.06,5.31,25.011,11.477,25.071,243.901,61.652
19.774,28.442,3.64,5.04,23.591,5.2,24.08,73.946,52.669
18.431,27.889,3.48,5.09,21.331,1.718,23.114,16.871,40.677
18.45,29.373,3.93,5.67,19.943,2.639,23.9,36.67,30.388
20.015,31.582,4.62,6.41,20.897,0.877,25.784,3.94,27.521
20.856,32.536,5.19,6.94,22.533,1.724,26.69,22.498,29.128
22.672,33.595,5.45,6.95,25.029,4.17,28.118,62.345,41.366
21.672,31.498,5.04,6.47,26.129,7.371,26.572,182.913,51.807
22.45,30.544,4.55,5.54,26.909,7.91,26.461,187.046,72.807
21.29,28.924,4.29,5.21,25.415,9.068,25.094,201.578,79.287
21.461,29.184,4.33,5.32,25.945,9.593,25.306,218.182,72.778
21.484,30.043,4.47,5.62,25.819,7.767,25.732,118.683,64.52
21.338,29.825,4.12,5.28,24.981,10.437,25.583,188.45,61.652
21.097,29.757,3.76,5.11,25.039,3.748,25.399,59.067,52.669
18.852,28.324,3.52,5.13,21.335,0.768,23.549,1.557,40.677
18.714,29.634,3.96,5.89,19.947,1.174,24.162,2.594,22.053
19.389,30.954,4.57,6.61,20.802,1.218,25.159,3.597,14.5
21.268,32.949,5.23,7.02,23.278,0.539,27.102,1.448,25.356
22.238,33.19,5.41,6.97,25.029,6.105,27.717,139.379,37.934
23.449,33.292,5.24,6.68,27.901,4.757,28.367,91.242,46.423
21.661,29.79,4.47,5.49,25.269,12.142,25.702,416.822,76.931
21.453,29.087,4.3,5.15,25.428,8.724,25.255,159.444,82.588
21.183,28.906,4.3,5.28,25.373,8.792,25.03,289.566,74.827
20.916,29.513,4.43,5.34,25.219,7.886,25.202,142.323,77.822
20.961,29.448,4.07,5.33,25.01,10.899,25.207,227.034,58.645
20.746,29.427,3.73,5.03,23.599,3.119,25.068,32.811,56.203
18.512,27.969,3.49,4.93,21.331,3.519,23.193,49.55,51.372
18.513,29.435,3.93,5.77,19.943,1.36,23.963,9.466,27.33
19.533,31.098,4.57,6.53,20.667,0.045,25.301,0.045,19.094
21.039,32.698,5.22,6.94,22.533,2.419,26.852,39.025,31.216
21.784,32.706,5.36,7.01,23.927,4.11,27.23,74.317,34.187
22.854,32.684,5.18,6.5,26.122,5.104,27.759,80.773,51.738
22.985,31.105,4.61,5.7,27.513,8.606,27.017,173.229,67.003
21.698,29.332,4.33,5.17,26.432,9.918,25.502,140.996,83.767
21.515,29.25,4.33,5.34,25.454,9.319,25.373,175.397,72.936
21.683,30.241,4.48,5.63,25.286,7.692,25.953,176.263,63.818
21.416,29.903,4.12,5.45,24.981,12.218,25.659,343.7,53.061
20.968,29.637,3.74,4.94,24.818,8.711,25.276,308.429,60.624
19.863,29.323,3.6,4.97,22.807,3.591,24.547,49.224,51.101
19.282,30.195,4.02,5.83,21.33,0.756,24.725,1.563,25.845
20.597,32.163,4.7,6.57,22.282,0.278,26.366,0.441,19.057
22.17,33.85,5.35,7.08,24.074,0.321,28.001,0.501,24.767
23.559,34.482,5.56,7.19,26.201,4.657,28.993,107.014,30.607
23.206,33.022,5.22,6.54,26.407,6.542,28.109,136.342,52.927
22.786,30.879,4.59,5.51,27.532,7.235,26.804,136.601,76.584
21.421,29.056,4.3,5.24,25.378,13.07,25.225,429.153,77.868
21.708,29.43,4.36,5.34,25.379,11.782,25.553,383.025,73.36
21.144,29.703,4.44,5.4,25.219,8.414,25.39,156.447,74.704
21.083,29.571,4.1,5.22,25.092,10.757,25.327,262.807,64.908
20.729,29.376,3.72,5.12,23.818,5.718,25.016,131.033,50.262
19.21,28.675,3.55,4.94,21.331,4.4,23.898,102.99,52.257
18.45,29.363,3.92,5.75,19.973,0.999,23.89,2.774,28.278
19.309,30.875,4.57,6.49,20.897,2.395,25.077,32.527,20.102
21.668,33.348,5.3,6.96,24.128,1.32,27.501,7.164,29.942
22.345,33.28,5.42,6.96,24.871,4.704,27.806,93.823,41.952
21.136,30.95,4.97,6.26,24.884,6.735,26.022,204.473,62.562
21.423,29.557,4.45,5.59,25.733,7.401,25.469,166.719,66.852
21.139,28.795,4.28,5.18,25.428,9.008,24.965,209.155,79.373
21.546,29.269,4.33,5.43,25.357,6.055,25.392,100.044,66.783
21.853,30.434,4.54,5.8,25.234,5.346,26.136,75.207,56.119
21.134,29.62,4.1,5.24,24.981,12.064,25.376,254.175,64.883
20.458,29.103,3.69,5.23,23.591,5.052,24.743,123.745,43.435
18.91,28.407,3.53,5.07,21.331,1.288,23.633,12.826,44.488
18.907,29.827,3.97,5.77,20.385,0.74,24.356,1.765,27.044
19.894,31.457,4.62,6.28,21.674,2.371,25.661,23.464,34.796
21.002,32.662,5.22,7.03,22.533,1.278,26.836,4.816,24.576
22.611,33.534,5.44,7.02,25.069,4.897,28.057,97.773,36.944
22.5,32.325,5.13,6.62,26.129,4.537,27.398,44.361,47.62
21.279,29.402,4.44,5.29,25.833,8.103,25.313,172.944,84.335
21.251,28.885,4.29,5.25,26.436,8.006,25.053,185.859,76.16
21.034,28.758,4.3,5.3,25.379,12.215,24.881,361.234,72.738
21.438,30.021,4.47,5.63,25.219,8.273,25.71,163.459,63.341
20.928,29.416,4.07,5.32,24.995,10.495,25.172,300.014,59.336
20.598,29.267,3.71,5.17,23.714,4.455,24.906,46.093,46.707
18.736,28.212,3.51,5.14,21.331,3.134,23.438,43.303,39.465
18.965,29.887,3.98,5.53,21.272,1.19,24.417,2.752,38.639
20.592,32.155,4.68,6.54,21.718,1.241,26.358,3.223,21.3
21.655,33.313,5.29,6.98,23.001,1.081,27.466,3.015,30.482
22.546,33.468,5.43,6.87,25.069,6.688,27.977,165.037,44.95
22.595,32.419,5.15,6.54,26.106,4.97,27.494,80.106,50.834
21.74,29.84,4.47,5.32,25.802,7.953,25.749,165.398,83.794
21.44,29.074,4.3,5.21,25.428,10.922,25.242,267.971,79.525
21.089,28.812,4.3,5.27,25.357,7.565,24.934,135.154,74.234
21.669,30.265,4.5,5.59,25.219,8.711,25.953,170.658,66.35
20.955,29.442,4.07,5.27,24.981,10.14,25.198,193.15,62.253
20.621,29.288,3.71,5.09,23.86,4.725,24.927,74.376,51.444
18.936,28.432,3.53,5.02,21.331,2.128,23.658,21.29,47.166
19.055,29.978,3.98,5.65,21.132,0.067,24.505,0.068,35.287
19.122,30.686,4.54,6.4,21.397,1.092,24.89,2.223,24.948
21.444,33.102,5.26,6.94,23.449,1.286,27.276,5.439,29.124
22.957,33.882,5.48,7.12,25.055,2.009,28.4,18.476,31.983
22.67,32.499,5.15,6.44,26.129,7.897,27.573,195.319,57.006
22.126,30.226,4.51,5.47,26.075,9.573,26.136,292.115,77.147
21.842,29.476,4.35,5.39,26.471,5.568,25.644,69.245,70.45
21.6,29.321,4.33,5.38,25.84,6.689,25.444,68.29,69.291
22.239,30.821,4.56,5.88,26.919,5.214,26.508,54.799,52.588
21.5,29.987,4.12,5.22,24.987,12.378,25.743,268.614,67.487
20.475,29.137,3.69,5.06,23.591,5.82,24.777,104.585,52.672
19.405,28.862,3.56,5.06,21.331,1.423,24.085,13.671,44.163
